Location/Emplacement,Province/Province,Year/Année,Quarter/Trimestre,TLD Monitor Air Kerma/Contrôle kerma de l'air (µGy),TLD Transit Out Air Kerma/Transport dehors kerma de l'air (µGy),TLD Transit Back Air Kerma/Transport de retour kerma de l'air (µGy),OSL Monitor Air Kerma/Contrôle kerma de l'air (µGy),OSL Transit Out Air Kerma/Transport dehors kerma de l'air (µGy),OSL Transit Back Air Kerma/Transport de retour kerma de l'air (µGy),Uncorrected TLD Monitor Air Kerma / Contrôle kerma de l'air non corrigée (µGy),Uncorrected TLD Transit Out Air Kerma / Transport dehors kerma de l'air non corrigée (µGy),Uncorrected TLD Transit Back Air Kerma / Transport de retour kerma de l'air non corrigée (µGy),Station ID/ID de la station
Alert,NU,2008,1,220.409,133.166,118.294,,,,145.243,87.753,77.953,AT1
Alert,NU,2008,2,218.916,118.294,129.263,,,,144.259,77.953,85.18,AT1
Alert,NU,2008,3,282.238,129.263,145.737,,,,185.987,85.18,96.036,AT1
Alert,NU,2008,4,217.255,145.737,100.221,,,,143.165,96.036,66.043,AT1
Alert,NU,2009,1,268.137,100.221,151.341,,,,176.695,66.043,99.73,AT1
Alert,NU,2009,2,227.856,151.341,118.864,,,,150.151,99.73,78.328,AT1
Alert,NU,2010,2,242.211,152.312,153.958,,,,159.61,100.369,101.454,AT1
Alert,NU,2010,3,326.784,153.958,145.231,297.984,148.992,148.992,215.342,101.454,95.703,AT1
Alert,NU,2010,4,258.903,145.231,133.344,219.106,148.992,113.935,170.61,95.703,87.87,AT1
Alert,NU,2011,1,243.684,133.344,148.203,210.342,113.935,131.464,160.581,87.87,97.662,AT1
Alert,NU,2011,2,293.808,148.203,121.893,280.456,131.464,175.285,193.611,97.662,80.324,AT1
Alert,NU,2011,3,281.862,121.893,157.004,236.635,175.285,122.699,185.739,80.324,103.461,AT1
Alert,NU,2011,4,223.883,157.004,132.273,201.578,122.699,87.642,147.532,103.461,87.164,AT1
Alert,NU,2012,1,229.901,132.273,129.789,184.049,87.642,113.935,151.498,87.164,85.528,AT1
Alert,NU,2012,2,215.06,129.789,111.427,227.87,113.935,113.935,141.719,85.528,73.427,AT1
Alert,NU,2012,3,273.381,111.427,105.424,236.635,113.935,96.407,180.15,73.427,69.472,AT1
Alert,NU,2012,4,215.095,105.424,111.841,210.342,96.407,122.699,141.742,69.472,73.7,AT1
Alert,NU,2013,1,231.315,111.841,140.147,236.635,122.699,148.992,152.43,73.7,92.353,AT1
Alert,NU,2013,2,233.781,140.147,130.274,245.399,148.992,,154.055,92.353,85.847,AT1
Alert,NU,2013,3,285.123,130.274,142.686,271.691,,131.464,187.888,85.847,94.026,AT1
Alert,NU,2013,4,233.626,142.686,142.24,262.927,131.464,140.228,153.953,94.026,93.732,AT1
Alert,NU,2014,1,268.497,142.24,,,140.228,,176.932,93.732,,AT1
Alert,NU,2014,2,167.877,,87.129,175.285,,96.407,110.626,,57.415,AT1
Alert,NU,2014,3,,,,271.691,,105.171,,,,AT1
Alert,NU,2014,4,236.751,,106.766,219.106,105.171,105.171,156.012,,70.355,AT1
Alert,NU,2015,1,,,,245.399,105.171,122.699,,,,AT1
Alert,NU,2015,2,,,,,122.699,,,,,AT1
Calgary,AB,2008,1,314.526,98.449,84.948,,,,207.264,64.875,55.978,CY2
Calgary,AB,2008,2,262.698,84.948,97.747,,,,173.11,55.978,64.413,CY2
Calgary,AB,2008,3,301.73,97.747,100.415,,,,198.832,64.413,66.171,CY2
Calgary,AB,2008,4,299.577,100.415,93.849,,,,197.413,66.171,61.844,CY2
Calgary,AB,2009,1,266.512,93.849,89.527,,,,175.624,61.844,58.996,CY2
Calgary,AB,2009,2,298.288,89.527,89.193,,,,196.563,58.996,58.776,CY2
Calgary,AB,2009,3,244.944,89.193,79.906,,,,161.411,58.776,52.656,CY2
Calgary,AB,2009,4,313.07,79.906,117.552,,,,206.304,52.656,77.463,CY2
Calgary,AB,2010,1,299.935,117.552,95.603,,,,197.649,77.463,63,CY2
Calgary,AB,2010,2,302.601,95.603,116.196,,,,199.406,63,76.57,CY2
Calgary,AB,2010,3,310.281,116.196,103.491,262.927,105.171,122.699,204.466,76.57,68.198,CY2
Calgary,AB,2010,4,305.775,103.491,100.103,245.399,122.699,87.642,201.497,68.198,65.965,CY2
Calgary,AB,2011,1,251.299,100.103,111.814,227.87,87.642,78.878,165.599,65.965,73.682,CY2
Calgary,AB,2011,2,309.013,111.814,98.404,280.456,78.878,105.171,203.631,73.682,64.845,CY2
Calgary,AB,2011,3,309.888,98.404,104.853,297.984,105.171,105.171,204.207,64.845,69.095,CY2
Calgary,AB,2011,4,325.633,104.853,122.351,315.513,105.171,122.699,214.583,69.095,80.626,CY2
Calgary,AB,2012,1,285.068,122.351,90.829,227.87,122.699,87.642,187.852,80.626,59.854,CY2
Calgary,AB,2012,2,297.837,90.829,76.442,271.691,87.642,87.642,196.266,59.854,50.373,CY2
Calgary,AB,2012,3,265.036,76.442,83.052,280.456,87.642,78.878,174.651,50.373,54.729,CY2
Calgary,AB,2012,4,277.213,83.052,73.773,262.927,78.878,87.642,182.676,54.729,48.615,CY2
Calgary,AB,2013,1,249.61,73.773,98.557,297.984,87.642,113.935,164.486,48.615,64.946,CY2
Calgary,AB,2013,2,281.977,98.557,80.707,245.399,113.935,96.407,185.815,64.946,53.184,CY2
Calgary,AB,2013,3,286.61,80.707,87.42,306.748,96.407,113.935,188.868,53.184,57.607,CY2
Calgary,AB,2013,4,277.75,87.42,104.089,245.399,113.935,105.171,183.029,57.607,68.592,CY2
Calgary,AB,2014,1,320.77,104.089,72.947,306.748,105.171,96.407,211.378,68.592,48.07,CY2
Calgary,AB,2014,2,217.155,72.947,71.856,227.87,96.407,87.642,143.099,48.07,47.351,CY2
Calgary,AB,2014,3,224.313,71.856,46.334,245.399,87.642,61.35,147.816,47.351,30.533,CY2
Calgary,AB,2014,4,306.246,46.334,81.26,219.106,61.35,96.407,201.808,30.533,53.548,CY2
Calgary,AB,2015,1,,,,245.399,96.407,113.935,,,,CY2
Calgary,AB,2015,2,,,,280.456,113.935,,,,,CY2
Charlottetown,PEI,2008,1,252.094,108.61,85.953,,,,166.123,71.571,56.641,CN1
Charlottetown,PEI,2008,2,264.933,85.953,107.993,,,,174.583,56.641,71.164,CN1
Charlottetown,PEI,2008,3,283.083,107.993,111.537,,,,186.543,71.164,73.5,CN1
Charlottetown,PEI,2008,4,270.632,111.537,78.213,,,,178.339,73.5,51.54,CN1
Charlottetown,PEI,2009,1,245.199,78.213,103.966,,,,161.579,51.54,68.51,CN1
Charlottetown,PEI,2009,2,292.22,103.966,96.771,,,,192.565,68.51,63.77,CN1
Charlottetown,PEI,2009,3,235.217,96.771,93.555,,,,155.002,63.77,61.65,CN1
Charlottetown,PEI,2009,4,299.297,93.555,110.815,,,,197.229,61.65,73.024,CN1
Charlottetown,PEI,2010,1,249.095,110.815,95.825,,,,164.147,73.024,63.146,CN1
Charlottetown,PEI,2010,2,284.423,95.825,122.943,,,,187.427,63.146,81.016,CN1
Charlottetown,PEI,2010,3,289.559,122.943,99.029,280.456,148.992,105.171,190.811,81.016,65.257,CN1
Charlottetown,PEI,2010,4,301.072,99.029,113.671,271.691,105.171,105.171,198.398,65.257,74.906,CN1
Charlottetown,PEI,2011,1,215.726,113.671,93.337,184.049,105.171,96.407,142.157,74.906,61.507,CN1
Charlottetown,PEI,2011,2,310.995,93.337,115.349,297.984,96.407,140.228,204.937,61.507,76.012,CN1
Charlottetown,PEI,2011,3,270.288,115.349,99.32,262.927,140.228,113.935,178.112,76.012,65.449,CN1
Charlottetown,PEI,2011,4,285.876,99.32,106.222,280.456,113.935,105.171,188.384,65.449,69.997,CN1
Charlottetown,PEI,2012,1,244.093,106.222,89.529,245.399,105.171,113.935,160.851,69.997,58.997,CN1
Charlottetown,PEI,2012,2,279.847,89.529,71.753,271.691,113.935,70.114,184.411,58.997,47.283,CN1
Charlottetown,PEI,2012,3,244.71,71.753,78.973,262.927,70.114,78.878,161.257,47.283,52.041,CN1
Charlottetown,PEI,2012,4,250.608,78.973,79.196,254.163,78.878,105.171,165.144,52.041,52.188,CN1
Charlottetown,PEI,2013,1,222.567,79.196,103.42,227.87,105.171,122.699,146.666,52.188,68.151,CN1
Charlottetown,PEI,2013,2,247.757,103.42,82.341,254.163,122.699,87.642,163.265,68.151,54.26,CN1
Charlottetown,PEI,2013,3,282.738,82.341,104.75,306.748,87.642,131.464,186.317,54.26,69.027,CN1
Charlottetown,PEI,2013,4,251.824,104.75,101.827,271.691,131.464,113.935,165.945,69.027,67.101,CN1
Charlottetown,PEI,2014,1,254.468,101.827,62.471,201.578,113.935,96.407,167.687,67.101,41.167,CN1
Charlottetown,PEI,2014,2,191.511,62.471,62.978,192.813,96.407,105.171,126.201,41.167,41.501,CN1
Charlottetown,PEI,2014,3,212.734,62.978,60.032,192.813,105.171,52.585,140.186,41.501,39.559,CN1
Charlottetown,PEI,2014,4,,,,,52.585,,,,,CN1
Charlottetown,PEI,2015,1,,,,,,131.464,,,,CN1
Charlottetown,PEI,2015,2,,,,262.927,131.464,,,,,CN1
Churchill,MB,2008,1,225.262,88.25,79.114,,,,148.441,58.154,52.134,CL1
Churchill,MB,2008,2,215.509,79.114,82.301,,,,142.014,52.134,54.234,CL1
Churchill,MB,2008,3,281.502,82.301,118.418,,,,185.502,54.234,78.034,CL1
Churchill,MB,2008,4,194.835,118.418,86.417,,,,128.391,78.034,56.947,CL1
Churchill,MB,2009,1,219.731,86.417,99.354,,,,144.796,56.947,65.472,CL1
Churchill,MB,2009,2,215.179,99.354,97.902,,,,141.797,65.472,64.514,CL1
Churchill,MB,2009,3,255.346,97.902,99.419,,,,168.266,64.514,65.514,CL1
Churchill,MB,2009,4,266.783,99.419,110.94,,,,175.802,65.514,73.106,CL1
Churchill,MB,2010,2,220.018,100.408,114.649,,,,144.986,66.166,75.551,CL1
Churchill,MB,2010,3,284.969,114.649,102.962,271.691,140.228,131.464,187.787,75.551,67.849,CL1
Churchill,MB,2010,4,288.434,102.962,121.706,210.342,131.464,96.407,190.07,67.849,80.201,CL1
Churchill,MB,2011,1,207.713,121.706,80.38,210.342,96.407,87.642,136.877,80.201,52.968,CL1
Churchill,MB,2011,2,276.103,80.38,124.565,254.163,87.642,140.228,181.944,52.968,82.085,CL1
Churchill,MB,2011,3,278.269,124.565,138.861,289.22,140.228,148.992,183.372,82.085,91.505,CL1
Churchill,MB,2011,4,269.031,138.861,138.138,254.163,148.992,140.228,177.284,91.505,91.029,CL1
Churchill,MB,2012,1,219.851,138.138,99.275,245.399,140.228,87.642,144.876,91.029,65.419,CL1
Churchill,MB,2012,2,221.523,99.275,80.921,245.399,87.642,96.407,145.977,65.419,53.325,CL1
Churchill,MB,2012,3,255.27,80.921,115.999,271.691,96.407,122.699,168.216,53.325,76.44,CL1
Churchill,MB,2012,4,243.806,115.999,128.682,227.87,122.699,105.171,160.661,76.44,84.798,CL1
Churchill,MB,2013,1,223.886,128.682,95.138,219.106,105.171,105.171,147.535,84.798,62.694,CL1
Churchill,MB,2013,2,211.262,95.138,91.012,201.578,105.171,87.642,139.216,62.694,59.975,CL1
Churchill,MB,2013,3,,,,,87.642,,,,,CL1
Churchill,MB,2013,4,229.321,,101.471,254.163,,122.699,151.116,,66.866,CL1
Churchill,MB,2014,1,283.169,101.471,88.321,271.691,122.699,105.171,186.6,66.866,58.201,CL1
Churchill,MB,2014,2,182.277,88.321,67.664,201.578,105.171,105.171,120.115,58.201,44.588,CL1
Churchill,MB,2014,3,191.245,67.664,57.918,175.285,105.171,70.114,126.025,44.588,38.166,CL1
Churchill,MB,2014,4,274.817,57.918,84.563,192.813,70.114,87.642,181.097,38.166,55.725,CL1
Churchill,MB,2015,1,,,,262.927,87.642,131.464,,,,CL1
Churchill,MB,2015,2,,,,,131.464,,,,,CL1
Coral Harbour,NU,2008,1,195.98,111.795,87.16,,,,129.146,73.67,57.436,CR1
Coral Harbour,NU,2008,2,173.071,87.16,90.322,,,,114.049,57.436,59.519,CR1
Coral Harbour,NU,2008,3,213.475,90.322,113.123,,,,140.674,59.519,74.545,CR1
Coral Harbour,NU,2008,4,210.079,113.123,98.414,,,,138.436,74.545,64.852,CR1
Coral Harbour,NU,2009,1,208.73,98.414,113.722,,,,137.547,64.852,74.94,CR1
Coral Harbour,NU,2009,2,312.713,113.722,131.948,,,,206.069,74.94,86.95,CR1
Coral Harbour,NU,2009,3,207.196,131.948,106.082,,,,136.536,86.95,69.905,CR1
Coral Harbour,NU,2010,3,232.324,121.976,116.332,210.342,140.228,105.171,153.095,80.378,76.66,CR1
Coral Harbour,NU,2010,4,209.597,116.332,113.31,192.813,105.171,122.699,138.118,76.66,74.668,CR1
Coral Harbour,NU,2011,1,201.078,113.31,92.777,184.049,122.699,78.878,132.505,74.668,61.137,CR1
Coral Harbour,NU,2011,2,192.543,92.777,101.148,175.285,78.878,105.171,126.881,61.137,66.654,CR1
Coral Harbour,NU,2011,3,,,,,105.171,,,,,CR1
Coral Harbour,NU,2012,3,173.279,,85.426,175.285,,78.878,114.186,,56.293,CR1
Coral Harbour,NU,2012,4,196.938,85.426,80.22,157.756,78.878,96.407,129.777,56.293,52.863,CR1
Coral Harbour,NU,2013,1,184.025,80.22,102.903,201.578,96.407,96.407,121.267,52.863,67.81,CR1
Coral Harbour,NU,2013,2,192.214,102.903,111.257,210.342,96.407,,126.664,67.81,73.315,CR1
Coral Harbour,NU,2013,3,181.391,111.257,87.504,192.813,,96.407,119.531,73.315,57.663,CR1
Coral Harbour,NU,2013,4,,,,,96.407,,,,,CR1
Coral Harbour,NU,2014,4,199.509,,94.257,201.578,,78.878,131.471,,62.113,CR1
Coral Harbour,NU,2015,1,,,,,78.878,,,,,CR1
Digby,NS,2008,1,284.164,96.569,93.948,,,,187.256,63.636,61.909,LE7
Digby,NS,2008,2,271.532,93.948,102.208,,,,178.932,61.909,67.352,LE7
Digby,NS,2008,3,276.453,102.208,93.869,,,,182.175,67.352,61.857,LE7
Digby,NS,2008,4,264.203,93.869,68.626,,,,174.102,61.857,45.223,LE7
Digby,NS,2009,1,293.365,68.626,97.592,,,,193.319,45.223,64.311,LE7
Digby,NS,2009,2,306.936,97.592,103.684,,,,202.262,64.311,68.325,LE7
Digby,NS,2009,3,252.297,103.684,86.311,,,,166.257,68.325,56.876,LE7
Digby,NS,2009,4,312.693,86.311,116.309,,,,206.056,56.876,76.645,LE7
Digby,NS,2010,1,306.47,116.309,96.406,,,,201.955,76.645,63.529,LE7
Digby,NS,2010,2,291.263,96.406,,,,,191.934,63.529,,LE7
Digby,NS,2010,3,289.217,,111.299,350.57,,96.407,190.586,,73.343,LE7
Digby,NS,2010,4,308.262,111.299,114.831,297.984,96.407,113.935,203.136,73.343,75.67,LE7
Digby,NS,2011,1,268.751,114.831,80.649,341.805,113.935,96.407,177.099,75.67,53.145,LE7
Digby,NS,2011,2,272.894,80.649,85.587,289.22,96.407,122.699,179.83,53.145,56.4,LE7
Digby,NS,2011,3,303.131,85.587,116.299,333.041,122.699,113.935,199.755,56.4,76.638,LE7
Digby,NS,2011,4,293.284,116.299,103.792,315.513,113.935,113.935,193.266,76.638,68.396,LE7
Digby,NS,2012,1,275.886,103.792,91.866,306.748,113.935,87.642,181.801,68.396,60.537,LE7
Digby,NS,2012,2,275.158,91.866,76.547,315.513,87.642,70.114,181.322,60.537,50.442,LE7
Digby,NS,2012,3,247.322,76.547,84.177,324.277,70.114,96.407,162.979,50.442,55.471,LE7
Digby,NS,2012,4,,,,280.456,96.407,113.935,,,,LE7
Digby,NS,2013,1,298.99,120.849,117.061,324.277,113.935,113.935,197.026,79.636,77.14,LE7
Digby,NS,2013,2,295.614,117.061,92.4,306.748,113.935,113.935,194.801,77.14,60.889,LE7
Digby,NS,2013,3,271.781,92.4,82.812,324.277,113.935,122.699,179.096,60.889,54.571,LE7
Digby,NS,2013,4,288.675,82.812,135.814,333.041,122.699,166.521,190.229,54.571,89.497,LE7
Digby,NS,2014,1,337.024,135.814,70.081,,,,222.09,89.497,46.181,LE7
Digby,NS,2014,2,206.671,70.081,57.497,219.106,78.878,140.228,136.19,46.181,37.889,LE7
Digby,NS,2014,3,196.841,57.497,47.136,297.984,140.228,70.114,129.713,37.889,31.061,LE7
Digby,NS,2014,4,279.868,47.136,93.024,289.22,70.114,96.407,184.425,31.061,61.3,LE7
Digby,NS,2015,1,,,,271.691,96.407,157.756,,,,LE7
Digby,NS,2015,2,,,,324.277,157.756,,,,,LE7
Edmonton,AB,2008,1,333.339,99.406,99.762,,,,219.661,65.506,65.741,EN1
Edmonton,AB,2008,2,267.119,99.762,94.281,,,,176.024,65.741,62.129,EN1
Edmonton,AB,2008,3,273.606,94.281,96.791,,,,180.299,62.129,63.782,EN1
Edmonton,AB,2008,4,314.764,96.791,94.155,,,,207.42,63.782,62.045,EN1
Edmonton,AB,2009,1,318.967,94.155,107.644,,,,210.19,62.045,70.934,EN1
Edmonton,AB,2009,2,288.809,107.644,88.332,,,,190.317,70.934,58.208,EN1
Edmonton,AB,2009,3,253.439,88.332,92.36,,,,167.009,58.208,60.862,EN1
Edmonton,AB,2009,4,347.958,92.36,129.926,,,,229.295,60.862,85.618,EN1
Edmonton,AB,2010,1,322.728,129.926,105.751,,,,212.669,85.618,69.687,EN1
Edmonton,AB,2010,2,303.408,105.751,119.277,,,,199.938,69.687,78.6,EN1
Edmonton,AB,2010,3,291.642,119.277,95.368,306.748,157.756,105.171,192.184,78.6,62.845,EN1
Edmonton,AB,2010,4,310.745,95.368,103.756,254.163,105.171,87.642,204.772,62.845,68.373,EN1
Edmonton,AB,2011,1,242.977,103.756,105.389,271.691,87.642,78.878,160.115,68.373,69.448,EN1
Edmonton,AB,2011,2,299.019,105.389,99.684,280.456,78.878,113.935,197.045,69.448,65.689,EN1
Edmonton,AB,2011,3,303.779,99.684,114.108,306.748,113.935,113.935,200.182,65.689,75.194,EN1
Edmonton,AB,2011,4,309.313,114.108,116.631,333.041,113.935,113.935,203.828,75.194,76.856,EN1
Edmonton,AB,2012,1,339.071,116.631,107.177,333.041,113.935,113.935,223.438,76.856,70.626,EN1
Edmonton,AB,2012,2,281.661,107.177,72.562,262.927,113.935,96.407,185.607,70.626,47.817,EN1
Edmonton,AB,2012,3,249.068,72.562,89.363,280.456,96.407,70.114,164.129,47.817,58.888,EN1
Edmonton,AB,2012,4,303.658,89.363,93.358,280.456,70.114,113.935,200.102,58.888,61.52,EN1
Edmonton,AB,2013,1,266.946,93.358,114.27,262.927,113.935,140.228,175.91,61.52,75.301,EN1
Edmonton,AB,2013,2,240.035,114.27,74.907,271.691,140.228,78.878,158.176,75.301,49.362,EN1
Edmonton,AB,2013,3,276.551,74.907,90.955,306.748,78.878,131.464,182.239,49.362,59.937,EN1
Edmonton,AB,2013,4,270.087,90.955,97.996,280.456,131.464,122.699,177.98,59.937,64.577,EN1
Edmonton,AB,2014,1,328.875,97.996,80.582,324.277,122.699,70.114,216.72,64.577,53.101,EN1
Edmonton,AB,2014,2,205.782,80.582,53.19,227.87,70.114,87.642,135.605,53.101,35.05,EN1
Edmonton,AB,2014,3,226.852,53.19,47.14,245.399,87.642,52.585,149.489,35.05,31.064,EN1
Edmonton,AB,2014,4,308.612,47.14,91.076,262.927,52.585,113.935,203.367,31.064,60.017,EN1
Edmonton,AB,2015,1,,,,306.748,113.935,148.992,,,,EN1
Edmonton,AB,2015,2,,,,297.984,148.992,,,,,EN1
Gentilly,QC,2008,1,234.763,126.264,205.23,,,,154.702,83.204,135.241,GE10
Gentilly,QC,2008,2,337.663,205.23,179.108,,,,222.51,135.241,118.027,GE10
Gentilly,QC,2008,3,379.418,179.108,267.886,,,,250.026,118.027,176.529,GE10
Gentilly,QC,2008,4,417.437,267.886,99.786,,,,275.079,176.529,65.756,GE10
Gentilly,QC,2009,1,221.298,99.786,96.73,,,,145.829,65.756,63.743,GE10
Gentilly,QC,2009,2,280.762,96.73,96.845,,,,185.014,63.743,63.818,GE10
Gentilly,QC,2009,3,243.484,96.845,106.191,,,,160.449,63.818,69.977,GE10
Gentilly,QC,2009,4,315.527,106.191,169.412,,,,207.924,69.977,111.637,GE10
Gentilly,QC,2010,1,313.129,169.412,95.693,,,,206.343,111.637,63.059,GE10
Gentilly,QC,2010,2,254.591,95.693,119.555,,,,167.768,63.059,78.784,GE10
Gentilly,QC,2010,3,264.253,119.555,100.857,280.456,131.464,113.935,174.136,78.784,66.462,GE10
Gentilly,QC,2010,4,255.888,100.857,107.576,245.399,113.935,96.407,168.623,66.462,70.889,GE10
Gentilly,QC,2011,1,221.527,107.576,81.478,192.813,96.407,87.642,145.98,70.889,53.692,GE10
Gentilly,QC,2011,2,254.348,81.478,90.951,236.635,87.642,113.935,167.608,53.692,59.934,GE10
Gentilly,QC,2011,3,264.822,90.951,101.248,254.163,113.935,122.699,174.51,59.934,66.72,GE10
Gentilly,QC,2011,4,262.914,101.248,95.235,262.927,122.699,105.171,173.253,66.72,62.757,GE10
Gentilly,QC,2012,1,243.236,95.235,149.226,271.691,105.171,131.464,160.286,62.757,98.336,GE10
Gentilly,QC,2012,2,282.72,149.226,67.278,289.22,131.464,78.878,186.305,98.336,44.334,GE10
Gentilly,QC,2012,3,239.462,67.278,102.748,210.342,78.878,96.407,157.799,44.334,67.708,GE10
Gentilly,QC,2012,4,280.35,102.748,91.084,254.163,96.407,105.171,184.743,67.708,60.022,GE10
Gentilly,QC,2013,1,235.255,91.084,104.602,236.635,105.171,148.992,155.026,60.022,68.93,GE10
Gentilly,QC,2013,2,252.063,104.602,95.016,254.163,148.992,87.642,166.103,68.93,62.613,GE10
Gentilly,QC,2013,3,256.756,95.016,92.832,306.748,87.642,87.642,169.195,62.613,61.174,GE10
Gentilly,QC,2013,4,251.373,92.832,114.041,297.984,87.642,122.699,165.648,61.174,75.15,GE10
Gentilly,QC,2014,1,300.454,114.041,149.788,,,,197.991,75.15,98.706,GE10
Gentilly,QC,2014,2,330.135,149.788,160.561,,,,217.549,98.706,105.805,GE10
Gentilly,QC,2014,3,198.727,160.561,86.513,254.163,,96.407,130.956,105.805,57.01,GE10
Gentilly,QC,2014,4,239.19,86.513,78.524,236.635,96.407,96.407,157.62,57.01,51.745,GE10
Gentilly,QC,2015,1,,,,254.163,96.407,157.756,,,,GE10
Gentilly,QC,2015,2,,,,289.22,157.756,,,,,GE10
Gentilly,QC,2008,1,229.815,93.629,129.908,,,,151.441,61.699,85.606,GE4
Gentilly,QC,2008,2,207.53,129.908,89.954,,,,136.756,85.606,59.277,GE4
Gentilly,QC,2008,3,219.496,89.954,115.523,,,,144.642,59.277,76.127,GE4
Gentilly,QC,2008,4,193.008,115.523,86.144,,,,127.187,76.127,56.767,GE4
Gentilly,QC,2009,1,207.369,86.144,101.541,,,,136.651,56.767,66.913,GE4
Gentilly,QC,2009,2,240.777,101.541,102.984,,,,158.665,66.913,67.864,GE4
Gentilly,QC,2009,3,213.557,102.984,95.45,,,,140.728,67.864,62.899,GE4
Gentilly,QC,2009,4,245.268,95.45,119.108,,,,161.625,62.899,78.489,GE4
Gentilly,QC,2010,1,255.006,119.108,121.151,,,,168.041,78.489,79.835,GE4
Gentilly,QC,2010,2,209.169,121.151,117.373,,,,137.836,79.835,77.346,GE4
Gentilly,QC,2010,3,234.525,117.373,102.566,254.163,148.992,105.171,154.546,77.346,67.588,GE4
Gentilly,QC,2010,4,245.723,102.566,105.571,201.578,105.171,96.407,161.925,67.588,69.569,GE4
Gentilly,QC,2011,1,201.807,105.571,75.683,192.813,96.407,105.171,132.985,69.569,49.873,GE4
Gentilly,QC,2011,2,188.949,75.683,267.601,245.399,105.171,368.098,124.512,49.873,176.342,GE4
Gentilly,QC,2011,3,407.305,267.601,98.047,508.326,368.098,105.171,268.402,176.342,64.61,GE4
Gentilly,QC,2011,4,240.784,98.047,99.004,184.049,105.171,113.935,158.67,64.61,65.241,GE4
Gentilly,QC,2012,1,212.007,99.004,116.545,219.106,113.935,113.935,139.707,65.241,76.8,GE4
Gentilly,QC,2012,2,210.818,116.545,68.458,227.87,113.935,87.642,138.923,76.8,45.112,GE4
Gentilly,QC,2012,3,182.414,68.458,70.041,201.578,87.642,96.407,120.206,45.112,46.155,GE4
Gentilly,QC,2012,4,217.699,70.041,89.033,201.578,96.407,105.171,143.458,46.155,58.67,GE4
Gentilly,QC,2013,1,218.527,89.033,104.592,201.578,105.171,113.935,144.003,58.67,68.923,GE4
Gentilly,QC,2013,2,180.711,104.592,67.298,201.578,113.935,70.114,119.083,68.923,44.348,GE4
Gentilly,QC,2013,3,197.915,67.298,78.937,201.578,70.114,113.935,130.421,44.348,52.017,GE4
Gentilly,QC,2013,4,236.485,78.937,134.91,227.87,113.935,140.228,155.837,52.017,88.902,GE4
Gentilly,QC,2014,1,262.778,134.91,101,,,,173.164,88.902,66.556,GE4
Gentilly,QC,2014,2,152.405,101,72.204,166.521,122.699,96.407,100.431,66.556,47.58,GE4
Gentilly,QC,2014,3,141.18,72.204,45.579,219.106,96.407,61.35,93.034,47.58,30.035,GE4
Gentilly,QC,2014,4,207.569,45.579,85.517,219.106,61.35,105.171,136.782,30.035,56.353,GE4
Gentilly,QC,2015,1,,,,227.87,105.171,140.228,,,,GE4
Gentilly,QC,2015,2,,,,245.399,140.228,,,,,GE4
Gentilly,QC,2008,1,208.656,125.128,201.494,,,,137.499,82.456,132.779,GE7
Gentilly,QC,2008,2,334.989,201.494,199.229,,,,220.748,132.779,131.286,GE7
Gentilly,QC,2008,3,394.582,199.229,227.71,,,,260.018,131.286,150.054,GE7
Gentilly,QC,2008,4,357.477,227.71,103.96,,,,235.567,150.054,68.507,GE7
Gentilly,QC,2009,1,229.402,103.96,97.062,,,,151.169,68.507,63.961,GE7
Gentilly,QC,2009,2,287.412,97.062,100.127,,,,189.397,63.961,65.981,GE7
Gentilly,QC,2009,3,243.205,100.127,116.384,,,,160.265,65.981,76.694,GE7
Gentilly,QC,2009,4,299.23,116.384,169.654,,,,197.184,76.694,111.797,GE7
Gentilly,QC,2010,1,292.508,169.654,98.413,,,,192.755,111.797,64.851,GE7
Gentilly,QC,2010,2,247.347,98.413,113.221,,,,162.995,64.851,74.61,GE7
Gentilly,QC,2010,3,273.258,113.221,95.642,271.691,122.699,105.171,180.069,74.61,63.026,GE7
Gentilly,QC,2010,4,268.792,95.642,111.924,236.635,105.171,96.407,177.127,63.026,73.755,GE7
Gentilly,QC,2011,1,223.548,111.924,89.206,219.106,96.407,87.642,147.312,73.755,58.784,GE7
Gentilly,QC,2011,2,255.161,89.206,87.442,210.342,87.642,113.935,168.144,58.784,57.622,GE7
Gentilly,QC,2011,3,284.005,87.442,102.027,236.635,113.935,96.407,187.151,57.622,67.233,GE7
Gentilly,QC,2011,4,257.776,102.027,110.051,227.87,96.407,87.642,169.867,67.233,72.521,GE7
Gentilly,QC,2012,1,236.101,110.051,148.605,262.927,87.642,157.756,155.584,72.521,97.926,GE7
Gentilly,QC,2012,2,293.657,148.605,69.928,236.635,157.756,96.407,193.512,97.926,46.08,GE7
Gentilly,QC,2012,3,231.882,69.928,101.198,227.87,96.407,96.407,152.804,46.08,66.686,GE7
Gentilly,QC,2012,4,,,,254.163,96.407,96.407,,,,GE7
Gentilly,QC,2013,1,222.301,90.824,106.907,245.399,96.407,113.935,146.49,59.85,70.449,GE7
Gentilly,QC,2013,2,249.411,106.907,83.164,210.342,113.935,105.171,164.355,70.449,54.803,GE7
Gentilly,QC,2013,3,260.133,83.164,86.396,219.106,105.171,113.935,171.421,54.803,56.933,GE7
Gentilly,QC,2013,4,260.891,86.396,120.54,289.22,113.935,131.464,171.92,56.933,79.432,GE7
Gentilly,QC,2014,2,335.179,151.363,184.937,,,,220.874,99.744,121.868,GE7
Gentilly,QC,2014,3,196.275,184.937,84.88,227.87,,96.407,129.34,121.868,55.933,GE7
Gentilly,QC,2014,4,253.116,84.88,83.281,245.399,96.407,78.878,166.796,55.933,54.88,GE7
Gentilly,QC,2015,1,,,,227.87,78.878,140.228,,,,GE7
Gentilly,QC,2015,2,,,,254.163,140.228,,,,,GE7
Gentilly,QC,2008,1,216.629,130.744,203.239,,,,142.753,86.157,133.929,GE8
Gentilly,QC,2008,2,316.041,203.239,199.178,,,,208.262,133.929,131.253,GE8
Gentilly,QC,2008,3,377.275,199.178,243.828,,,,248.613,131.253,160.676,GE8
Gentilly,QC,2008,4,334.49,243.828,88.06,,,,220.42,160.676,58.029,GE8
Gentilly,QC,2009,1,233.974,88.06,95.785,,,,154.183,58.029,63.12,GE8
Gentilly,QC,2009,2,261.042,95.785,99.831,,,,172.02,63.12,65.786,GE8
Gentilly,QC,2009,3,225.158,99.831,113.271,,,,148.373,65.786,74.642,GE8
Gentilly,QC,2009,4,285.281,113.271,168.091,,,,187.992,74.642,110.767,GE8
Gentilly,QC,2010,1,295.466,168.091,92.007,,,,194.704,110.767,60.63,GE8
Gentilly,QC,2010,2,238.636,92.007,127.96,,,,157.254,60.63,84.322,GE8
Gentilly,QC,2010,3,247.234,127.96,97.486,262.927,122.699,113.935,162.92,84.322,64.24,GE8
Gentilly,QC,2010,4,253.876,97.486,104.449,219.106,113.935,96.407,167.297,64.24,68.829,GE8
Gentilly,QC,2011,1,213.352,104.449,85.186,175.285,96.407,87.642,140.593,68.829,56.135,GE8
Gentilly,QC,2011,2,221.119,85.186,95.123,227.87,87.642,105.171,145.711,56.135,62.683,GE8
Gentilly,QC,2011,3,255.988,95.123,104.111,262.927,105.171,105.171,168.689,62.683,68.606,GE8
Gentilly,QC,2011,4,259.402,104.111,105.251,271.691,105.171,96.407,170.939,68.606,69.358,GE8
Gentilly,QC,2012,1,228.444,105.251,158.686,219.106,96.407,157.756,150.538,69.358,104.57,GE8
Gentilly,QC,2012,2,263.437,158.686,66.813,289.22,157.756,87.642,173.598,104.57,44.028,GE8
Gentilly,QC,2012,3,219.313,66.813,95.3,184.049,87.642,105.171,144.521,44.028,62.8,GE8
Gentilly,QC,2012,4,246.088,95.3,86.766,227.87,105.171,96.407,162.165,62.8,57.177,GE8
Gentilly,QC,2013,1,209.042,86.766,104.388,227.87,96.407,140.228,137.753,57.177,68.789,GE8
Gentilly,QC,2013,2,218.167,104.388,83.483,210.342,140.228,96.407,143.766,68.789,55.013,GE8
Gentilly,QC,2013,3,237.074,83.483,95.269,201.578,96.407,122.699,156.225,55.013,62.779,GE8
Gentilly,QC,2013,4,242.233,95.269,126.249,280.456,122.699,122.699,159.624,62.779,83.195,GE8
Gentilly,QC,2014,1,287.507,126.249,157.604,,,,189.459,83.195,103.856,GE8
Gentilly,QC,2014,2,320.259,157.604,159.672,,,,211.042,103.856,105.219,GE8
Gentilly,QC,2014,3,,,,280.456,,87.642,,,,GE8
Gentilly,QC,2014,4,233.777,96.759,75.677,201.578,87.642,78.878,154.053,63.762,49.869,GE8
Gentilly,QC,2015,1,,,,254.163,78.878,140.228,,,,GE8
Gentilly,QC,2015,2,,,,236.635,140.228,,,,,GE8
Gentilly,QC,2008,1,209.516,125.41,204.288,,,,138.065,82.641,134.62,GE9
Gentilly,QC,2008,2,305.076,204.288,176.242,,,,201.036,134.62,116.138,GE9
Gentilly,QC,2008,3,327.348,176.242,261.606,,,,215.713,116.138,172.391,GE9
Gentilly,QC,2008,4,330.782,261.606,87.165,,,,217.976,172.391,57.439,GE9
Gentilly,QC,2009,1,237.829,87.165,100.728,,,,156.723,57.439,66.377,GE9
Gentilly,QC,2009,2,264.261,100.728,104.953,,,,174.141,66.377,69.161,GE9
Gentilly,QC,2009,3,227.664,104.953,125.638,,,,150.024,69.161,82.792,GE9
Gentilly,QC,2009,4,282.822,125.638,162.684,,,,186.372,82.792,107.204,GE9
Gentilly,QC,2010,1,301.485,162.684,100.271,,,,198.67,107.204,66.076,GE9
Gentilly,QC,2010,2,240.108,100.271,115.157,,,,158.225,66.076,75.886,GE9
Gentilly,QC,2010,3,243.913,115.157,96.694,289.22,113.935,96.407,160.732,75.886,63.719,GE9
Gentilly,QC,2010,4,250.041,96.694,101.56,219.106,96.407,105.171,164.77,63.719,66.925,GE9
Gentilly,QC,2011,1,214.508,101.56,82.459,201.578,105.171,87.642,141.354,66.925,54.338,GE9
Gentilly,QC,2011,2,226.213,82.459,96.22,219.106,87.642,105.171,149.068,54.338,63.406,GE9
Gentilly,QC,2011,3,264.014,96.22,107.546,289.22,105.171,122.699,173.978,63.406,70.87,GE9
Gentilly,QC,2011,4,252.184,107.546,101.977,227.87,122.699,96.407,166.182,70.87,67.2,GE9
Gentilly,QC,2012,1,233.365,101.977,148.768,236.635,96.407,157.756,153.781,67.2,98.034,GE9
Gentilly,QC,2012,2,266.783,148.768,76.649,289.22,157.756,87.642,175.803,98.034,50.509,GE9
Gentilly,QC,2012,3,195.752,76.649,96.013,227.87,87.642,96.407,128.995,50.509,63.27,GE9
Gentilly,QC,2012,4,,,,245.399,96.407,122.699,,,,GE9
Gentilly,QC,2013,1,225.715,95.295,138.805,219.106,122.699,148.992,148.74,62.797,91.468,GE9
Gentilly,QC,2013,2,224.153,138.805,,227.87,148.992,,147.71,91.468,,GE9
Goose Bay,NL,2008,1,230.55,100.159,97.963,,,,151.926,66.002,64.555,GY1
Goose Bay,NL,2008,2,258.5,97.963,91.698,,,,170.344,64.555,60.426,GY1
Goose Bay,NL,2008,3,270.536,91.698,97.682,,,,178.276,60.426,64.37,GY1
Goose Bay,NL,2009,1,215.766,83.515,90.141,,,,142.184,55.034,59.401,GY1
Goose Bay,NL,2009,2,289.357,90.141,122.359,,,,190.678,59.401,80.631,GY1
Goose Bay,NL,2009,3,265.547,122.359,95.564,,,,174.988,80.631,62.974,GY1
Goose Bay,NL,2009,4,277.882,95.564,119.402,,,,183.116,62.974,78.683,GY1
Goose Bay,NL,2010,1,263.743,119.402,108.255,,,,173.799,78.683,71.337,GY1
Goose Bay,NL,2010,2,283.512,108.255,118.75,,,,186.826,71.337,78.253,GY1
Goose Bay,NL,2010,3,326.838,118.75,120.833,315.513,131.464,140.228,215.377,78.253,79.626,GY1
Goose Bay,NL,2010,4,322.315,120.833,115.467,280.456,140.228,131.464,212.397,79.626,76.09,GY1
Goose Bay,NL,2011,1,225.394,115.467,93.489,210.342,131.464,96.407,148.529,76.09,61.607,GY1
Goose Bay,NL,2011,2,274.374,93.489,84.15,245.399,96.407,96.407,180.805,61.607,55.453,GY1
Goose Bay,NL,2011,3,298.192,84.15,100.341,262.927,96.407,122.699,196.5,55.453,66.122,GY1
Goose Bay,NL,2011,4,280.272,100.341,112.486,280.456,122.699,96.407,184.691,66.122,74.125,GY1
Goose Bay,NL,2012,1,243.003,112.486,106.921,254.163,96.407,131.464,160.132,74.125,70.458,GY1
Goose Bay,NL,2012,2,245.476,106.921,78.36,280.456,131.464,78.878,161.762,70.458,51.637,GY1
Goose Bay,NL,2012,3,260.181,78.36,88.88,280.456,78.878,105.171,171.452,51.637,58.569,GY1
Goose Bay,NL,2012,4,285.872,88.88,101.828,262.927,105.171,122.699,188.382,58.569,67.102,GY1
Goose Bay,NL,2013,1,225.9,101.828,107.417,271.691,122.699,113.935,148.862,67.102,70.785,GY1
Goose Bay,NL,2013,2,243.271,107.417,74.411,245.399,113.935,78.878,160.309,70.785,49.035,GY1
Goose Bay,NL,2013,3,267.709,74.411,86.051,280.456,78.878,122.699,176.413,49.035,56.705,GY1
Goose Bay,NL,2013,4,267.497,86.051,101.548,315.513,122.699,105.171,176.273,56.705,66.917,GY1
Goose Bay,NL,2014,1,295.999,101.548,81.432,227.87,105.171,96.407,195.055,66.917,53.662,GY1
Goose Bay,NL,2014,2,201.244,81.432,63.779,227.87,96.407,105.171,132.614,53.662,42.029,GY1
Goose Bay,NL,2014,3,,,,271.691,105.171,96.407,,,,GY1
Goose Bay,NL,2014,4,263.787,112.364,101.034,236.635,96.407,96.407,173.828,74.045,66.579,GY1
Goose Bay,NL,2015,1,,,,254.163,96.407,157.756,,,,GY1
Goose Bay,NL,2015,2,,,,245.399,157.756,,,,,GY1
Greenwood,NS,2008,1,239.067,85.827,87.615,,,,157.539,56.558,57.736,LE8
Greenwood,NS,2008,2,272.051,87.615,109.281,,,,179.274,57.736,72.013,LE8
Greenwood,NS,2008,3,258.597,109.281,143.755,,,,170.408,72.013,94.731,LE8
Greenwood,NS,2008,4,258.718,143.755,90.327,,,,170.488,94.731,59.523,LE8
Greenwood,NS,2009,1,251.626,90.327,107.089,,,,165.814,59.523,70.568,LE8
Greenwood,NS,2009,2,283.348,107.089,90.335,,,,186.718,70.568,59.528,LE8
Greenwood,NS,2009,3,254.455,90.335,90.194,,,,167.679,59.528,59.435,LE8
Greenwood,NS,2009,4,298.609,90.194,133.515,,,,196.775,59.435,87.983,LE8
Greenwood,NS,2010,1,274.742,133.515,93.126,,,,181.047,87.983,61.367,LE8
Greenwood,NS,2010,2,276.024,93.126,121.789,,,,181.892,61.367,80.255,LE8
Greenwood,NS,2010,3,348.836,121.789,173.118,359.334,131.464,184.049,229.873,80.255,114.08,LE8
Greenwood,NS,2010,4,297.664,173.118,110.751,245.399,184.049,87.642,196.152,114.08,72.982,LE8
Greenwood,NS,2011,1,251.126,110.751,106.873,262.927,87.642,113.935,165.485,72.982,70.426,LE8
Greenwood,NS,2011,2,278.225,106.873,85.963,289.22,113.935,96.407,183.343,70.426,56.647,LE8
Greenwood,NS,2011,3,286.63,85.963,115.228,306.748,96.407,105.171,188.881,56.647,75.932,LE8
Greenwood,NS,2011,4,301.005,115.228,109.3,254.163,105.171,140.228,198.354,75.932,72.026,LE8
Greenwood,NS,2012,1,266.755,109.3,95.552,254.163,140.228,87.642,175.784,72.026,62.966,LE8
Greenwood,NS,2012,2,270.041,95.552,77.369,280.456,87.642,87.642,177.949,62.966,50.984,LE8
Greenwood,NS,2012,3,249.373,77.369,84.227,297.984,87.642,122.699,164.33,50.984,55.503,LE8
Greenwood,NS,2012,4,,,,,122.699,,,,,LE8
Greenwood,NS,2013,1,250.196,,117.131,236.635,,122.699,164.872,,77.186,LE8
Greenwood,NS,2013,2,279.773,117.131,105.569,271.691,122.699,105.171,184.363,77.186,69.567,LE8
Greenwood,NS,2013,3,250.493,105.569,80.493,280.456,105.171,113.935,165.068,69.567,53.043,LE8
Greenwood,NS,2013,4,283.92,80.493,139.266,289.22,113.935,157.756,187.095,53.043,91.773,LE8
Greenwood,NS,2014,1,273.533,139.266,74.048,,,,180.25,91.773,48.796,LE8
Greenwood,NS,2014,2,199.249,74.048,,227.87,87.642,,131.299,48.796,,LE8
Greenwood,NS,2014,4,268.104,,,245.399,,,176.673,,,LE8
Greenwood,NS,2015,1,,,,280.456,,166.521,,,,LE8
Greenwood,NS,2015,2,,,,254.163,166.521,,,,,LE8
Halifax,NS,2008,1,272.473,116.871,81.326,,,,179.552,77.014,53.591,HX1
Halifax,NS,2008,2,261.116,81.326,93.965,,,,172.068,53.591,61.92,HX1
Halifax,NS,2008,3,244.693,93.965,,,,,161.246,61.92,,HX1
Halifax,NS,2008,4,292.827,287.549,,,,,192.965,189.487,,HX1
Halifax,NS,2009,1,288.002,,113.594,,,,189.785,,74.855,HX1
Halifax,NS,2009,3,271.639,319.012,101.684,,,,179.002,210.22,67.007,HX1
Halifax,NS,2009,4,310.191,101.684,118.263,,,,204.407,67.007,77.932,HX1
Halifax,NS,2010,1,306.165,118.263,101.327,,,,201.754,77.932,66.772,HX1
Halifax,NS,2010,2,269.801,101.327,111.085,,,,177.791,66.772,73.202,HX1
Halifax,NS,2010,3,280.847,111.085,96.077,297.984,105.171,96.407,185.07,73.202,63.312,HX1
Halifax,NS,2010,4,298.68,96.077,108.538,262.927,96.407,105.171,196.822,63.312,71.524,HX1
Halifax,NS,2011,1,262.038,108.538,82.533,271.691,105.171,96.407,172.676,71.524,54.387,HX1
Halifax,NS,2011,2,315.159,82.533,96.539,262.927,96.407,131.464,207.681,54.387,63.617,HX1
Halifax,NS,2011,3,256.63,96.539,87.523,254.163,131.464,96.407,169.112,63.617,57.675,HX1
Halifax,NS,2011,4,286.404,87.523,107.068,289.22,96.407,105.171,188.732,57.675,70.555,HX1
Halifax,NS,2012,1,277.075,107.068,87.265,280.456,105.171,113.935,182.585,70.555,57.505,HX1
Halifax,NS,2012,2,,,,,113.935,,,,,HX1
Halifax,NS,2012,3,,,,271.691,,96.407,,,,HX1
Halifax,NS,2012,4,291.104,75.052,96.497,219.106,96.407,105.171,191.83,49.457,63.589,HX1
Halifax,NS,2013,1,249.72,96.497,99.412,254.163,105.171,131.464,164.558,63.589,65.51,HX1
Halifax,NS,2013,2,243.48,99.412,69.333,254.163,131.464,96.407,160.446,65.51,45.688,HX1
Halifax,NS,2013,3,238.512,69.333,91.919,271.691,96.407,122.699,157.173,45.688,60.572,HX1
Halifax,NS,2013,4,267.394,91.919,107.324,315.513,122.699,122.699,176.205,60.572,70.724,HX1
Halifax,NS,2014,1,301.937,107.324,62.404,341.805,122.699,70.114,198.968,70.724,41.123,HX1
Halifax,NS,2014,2,183.964,62.404,54.562,192.813,70.114,87.642,121.227,41.123,35.955,HX1
Halifax,NS,2014,3,209.093,54.562,49.523,236.635,87.642,61.35,137.786,35.955,32.634,HX1
Halifax,NS,2014,4,284.053,49.523,110.485,245.399,61.35,96.407,187.183,32.634,72.806,HX1
Halifax,NS,2015,1,,,,280.456,96.407,166.521,,,,HX1
Halifax,NS,2015,2,,,,271.691,166.521,,,,,HX1
Inuvik,NT,2008,1,251.027,112.393,94.655,,,,165.419,74.064,62.375,IK1
Inuvik,NT,2008,2,238.05,94.655,94.452,,,,156.868,62.375,62.241,IK1
Inuvik,NT,2008,3,302.071,94.452,121.755,,,,199.056,62.241,80.233,IK1
Inuvik,NT,2008,4,286.521,121.755,129.895,,,,188.809,80.233,85.597,IK1
Inuvik,NT,2009,1,261.419,129.895,98.148,,,,172.268,85.597,64.677,IK1
Inuvik,NT,2009,2,298.274,98.148,108.65,,,,196.554,64.677,71.597,IK1
Inuvik,NT,2009,3,279.554,108.65,101.893,,,,184.218,71.597,67.144,IK1
Inuvik,NT,2009,4,277.068,101.893,129.048,,,,182.58,67.144,85.039,IK1
Inuvik,NT,2010,1,274.039,129.048,107.363,,,,180.584,85.039,70.749,IK1
Inuvik,NT,2010,2,276.039,107.363,123.736,,,,181.902,70.749,81.538,IK1
Inuvik,NT,2010,3,324.461,123.736,111.975,262.927,157.756,122.699,213.811,81.538,73.789,IK1
Inuvik,NT,2010,4,311.018,111.975,116.304,254.163,122.699,105.171,204.952,73.789,76.641,IK1
Inuvik,NT,2011,1,240.39,116.304,96.827,236.635,105.171,105.171,158.41,76.641,63.806,IK1
Inuvik,NT,2011,2,283.899,96.827,93.938,271.691,105.171,105.171,187.081,63.806,61.902,IK1
Inuvik,NT,2011,3,297.767,93.938,107.335,271.691,105.171,113.935,196.22,61.902,70.731,IK1
Inuvik,NT,2011,4,299.369,107.335,120.489,280.456,113.935,122.699,197.276,70.731,79.399,IK1
Inuvik,NT,2012,1,325.664,120.489,131.231,297.984,122.699,131.464,214.603,79.399,86.478,IK1
Inuvik,NT,2012,2,270.395,131.231,87.249,280.456,131.464,96.407,178.183,86.478,57.494,IK1
Inuvik,NT,2012,3,282.025,87.249,120.18,289.22,96.407,105.171,185.846,57.494,79.195,IK1
Inuvik,NT,2012,4,261.498,120.18,102.217,201.578,105.171,122.699,172.32,79.195,67.358,IK1
Inuvik,NT,2013,1,235.86,102.217,116.612,201.578,122.699,157.756,155.425,67.358,76.844,IK1
Inuvik,NT,2013,2,257.021,116.612,114.722,262.927,157.756,,169.37,76.844,75.599,IK1
Inuvik,NT,2013,3,265.922,114.722,104.117,297.984,,87.642,175.235,75.599,68.61,IK1
Inuvik,NT,2013,4,267.807,104.117,117.345,315.513,87.642,113.935,176.477,68.61,77.327,IK1
Inuvik,NT,2014,1,284.65,117.345,86.962,262.927,113.935,87.642,187.577,77.327,57.306,IK1
Inuvik,NT,2014,2,261.11,86.962,109.891,,87.642,,172.064,57.306,72.415,IK1
Inuvik,NT,2014,3,,,,236.635,,131.464,,,,IK1
Inuvik,NT,2014,4,265.838,102.407,96.582,236.635,131.464,87.642,175.18,67.483,63.645,IK1
Inuvik,NT,2015,1,,,,227.87,87.642,140.228,,,,IK1
Inuvik,NT,2015,2,,,,227.87,140.228,,,,,IK1
Kuujjuarapik,QC,2008,1,222.735,134.386,111.653,,,,146.776,88.557,73.576,KK1
Kuujjuarapik,QC,2008,2,254.291,111.653,91.274,,,,167.57,73.576,60.147,KK1
Kuujjuarapik,QC,2008,3,279.289,91.274,125.415,,,,184.044,60.147,82.645,KK1
Kuujjuarapik,QC,2008,4,282.167,125.415,80.996,,,,185.94,82.645,53.374,KK1
Kuujjuarapik,QC,2009,1,226.22,80.996,91.436,,,,149.072,53.374,60.254,KK1
Kuujjuarapik,QC,2009,2,238.733,91.436,108.402,,,,157.319,60.254,71.434,KK1
Kuujjuarapik,QC,2009,3,256.435,108.402,82.846,,,,168.983,71.434,54.593,KK1
Kuujjuarapik,QC,2009,4,286.648,82.846,111.144,,,,188.893,54.593,73.241,KK1
Kuujjuarapik,QC,2010,1,217.612,111.144,97.305,,,,143.4,73.241,64.121,KK1
Kuujjuarapik,QC,2010,2,278.311,97.305,126.642,,,,183.399,64.121,83.454,KK1
Kuujjuarapik,QC,2010,3,,,,245.399,140.228,96.407,,,,KK1
Kuujjuarapik,QC,2010,4,284.668,91.812,111.078,254.163,96.407,105.171,187.588,60.502,73.197,KK1
Kuujjuarapik,QC,2011,1,183.704,111.078,90.409,184.049,105.171,87.642,121.056,73.197,59.577,KK1
Kuujjuarapik,QC,2011,2,247.319,90.409,93.13,245.399,87.642,87.642,162.976,59.577,61.37,KK1
Kuujjuarapik,QC,2011,3,299.28,93.13,111.05,297.984,87.642,113.935,197.217,61.37,73.179,KK1
Kuujjuarapik,QC,2011,4,275.622,111.05,116.167,271.691,113.935,105.171,181.627,73.179,76.55,KK1
Kuujjuarapik,QC,2012,1,189.069,116.167,89.087,184.049,105.171,105.171,124.591,76.55,58.706,KK1
Kuujjuarapik,QC,2012,2,216.582,89.087,63.094,236.635,105.171,78.878,142.721,58.706,41.577,KK1
Kuujjuarapik,QC,2012,3,338.956,63.094,143.461,315.513,78.878,122.699,223.362,41.577,94.537,KK1
Kuujjuarapik,QC,2012,4,293.001,143.461,92.129,262.927,122.699,105.171,193.079,94.537,60.711,KK1
Kuujjuarapik,QC,2013,1,192.44,92.129,96.416,219.106,105.171,113.935,126.812,60.711,63.536,KK1
Kuujjuarapik,QC,2013,2,202,96.416,66.128,166.521,113.935,70.114,133.112,63.536,43.576,KK1
Kuujjuarapik,QC,2013,3,295.716,66.128,96.673,306.748,70.114,122.699,194.868,43.576,63.705,KK1
Kuujjuarapik,QC,2013,4,234.596,96.673,93.24,210.342,122.699,105.171,154.592,63.705,61.443,KK1
Kuujjuarapik,QC,2014,1,182.648,93.24,81.855,210.342,105.171,78.878,120.36,61.443,53.94,KK1
Kuujjuarapik,QC,2014,2,177.449,81.855,55.376,210.342,78.878,70.114,116.934,53.94,36.491,KK1
Kuujjuarapik,QC,2014,3,225.888,55.376,59.313,236.635,70.114,78.878,148.854,36.491,39.086,KK1
Kuujjuarapik,QC,2014,4,264.66,59.313,90.257,262.927,78.878,96.407,174.403,39.086,59.477,KK1
Kuujjuarapik,QC,2015,1,,,,262.927,96.407,157.756,,,,KK1
Kuujjuarapik,QC,2015,2,,,,280.456,157.756,,,,,KK1
Moncton,NB,2008,1,251.654,86.947,89.995,,,,165.833,57.296,59.304,MN2
Moncton,NB,2008,2,267.957,89.995,98.196,,,,176.576,59.304,64.709,MN2
Moncton,NB,2008,3,271.095,98.196,102.052,,,,178.644,64.709,67.249,MN2
Moncton,NB,2008,4,288.484,102.052,91.116,,,,190.103,67.249,60.043,MN2
Moncton,NB,2009,1,256.956,91.116,94.978,,,,169.327,60.043,62.588,MN2
Moncton,NB,2009,2,298.065,94.978,88.978,,,,196.417,62.588,58.634,MN2
Moncton,NB,2009,3,262.417,88.978,84.773,,,,172.925,58.634,55.863,MN2
Moncton,NB,2009,4,322.753,84.773,116.88,,,,212.685,55.863,77.021,MN2
Moncton,NB,2010,1,269.794,116.88,98.839,,,,177.786,77.021,65.132,MN2
Moncton,NB,2010,2,276.584,98.839,109.283,,,,182.261,65.132,72.015,MN2
Moncton,NB,2010,3,311.319,109.283,93.93,324.277,131.464,96.407,205.15,72.015,61.897,MN2
Moncton,NB,2010,4,293.584,93.93,108.024,262.927,96.407,87.642,193.463,61.897,71.185,MN2
Moncton,NB,2011,1,199.507,108.024,81.776,219.106,87.642,78.878,131.469,71.185,53.888,MN2
Moncton,NB,2011,2,307.106,81.776,96.101,297.984,78.878,113.935,202.374,53.888,63.328,MN2
Moncton,NB,2011,3,265.866,96.101,100.71,297.984,113.935,96.407,175.198,63.328,66.365,MN2
Moncton,NB,2011,4,283.572,100.71,99.299,236.635,96.407,113.935,186.866,66.365,65.435,MN2
Moncton,NB,2012,1,248.098,99.299,92.595,227.87,113.935,105.171,163.49,65.435,61.017,MN2
Moncton,NB,2012,2,277.548,92.595,78.648,245.399,105.171,87.642,182.896,61.017,51.827,MN2
Moncton,NB,2012,3,,,,227.87,87.642,78.878,,,,MN2
Moncton,NB,2012,4,286.043,73.389,84.49,306.748,78.878,87.642,188.494,48.361,55.676,MN2
Moncton,NB,2013,1,234.784,84.49,96.317,262.927,87.642,122.699,154.716,55.676,63.47,MN2
Moncton,NB,2013,2,245.888,96.317,60.404,254.163,122.699,87.642,162.033,63.47,39.804,MN2
Moncton,NB,2013,3,287.649,60.404,88.727,306.748,87.642,140.228,189.553,39.804,58.468,MN2
Moncton,NB,2013,4,266.063,88.727,87.656,280.456,140.228,96.407,175.328,58.468,57.763,MN2
Moncton,NB,2014,1,264.889,87.656,65.453,280.456,96.407,61.35,174.554,57.763,43.132,MN2
Moncton,NB,2014,2,190.783,65.453,51.212,227.87,61.35,87.642,125.721,43.132,33.748,MN2
Moncton,NB,2014,3,225.478,51.212,58.396,245.399,87.642,78.878,148.584,33.748,38.481,MN2
Moncton,NB,2014,4,290.655,58.396,96.447,289.22,78.878,105.171,191.533,38.481,63.556,MN2
Moncton,NB,2015,1,,,,271.691,105.171,148.992,,,,MN2
Moncton,NB,2015,2,,,,280.456,148.992,,,,,MN2
Montreal,QC,2008,1,293.525,95.744,87.765,,,,193.425,63.093,57.835,ML2
Montreal,QC,2008,2,278.141,87.765,105.495,,,,183.287,57.835,69.518,ML2
Montreal,QC,2008,3,304.841,105.495,143.169,,,,200.882,69.518,94.345,ML2
Montreal,QC,2008,4,309.715,143.169,82.486,,,,204.094,94.345,54.356,ML2
Montreal,QC,2009,1,294.394,82.486,90.868,,,,193.997,54.356,59.879,ML2
Montreal,QC,2009,2,329.847,90.868,104.422,,,,217.36,59.879,68.811,ML2
Montreal,QC,2009,3,297.29,104.422,87.172,,,,195.906,68.811,57.444,ML2
Montreal,QC,2009,4,359.786,87.172,62.054,,,,237.089,57.444,40.892,ML2
Montreal,QC,2010,1,266.897,62.054,94.659,,,,175.877,40.892,62.378,ML2
Montreal,QC,2010,2,303.377,94.659,117.971,,,,199.917,62.378,77.74,ML2
Montreal,QC,2010,3,300.215,117.971,91.396,324.277,140.228,131.464,197.833,77.74,60.227,ML2
Montreal,QC,2010,4,330.001,91.396,95.483,236.635,131.464,87.642,217.461,60.227,62.921,ML2
Montreal,QC,2011,1,264.01,95.483,88.188,280.456,87.642,78.878,173.975,62.921,58.113,ML2
Montreal,QC,2011,2,344.895,88.188,99.707,341.805,78.878,113.935,227.276,58.113,65.704,ML2
Montreal,QC,2011,3,280.705,99.707,89.166,289.22,113.935,105.171,184.977,65.704,58.758,ML2
Montreal,QC,2011,4,322.177,89.166,119.699,315.513,105.171,148.992,212.306,58.758,78.878,ML2
Montreal,QC,2012,1,296.722,119.699,83.307,280.456,148.992,96.407,195.531,78.878,54.897,ML2
Montreal,QC,2012,2,301.212,83.307,74.848,245.399,96.407,70.114,198.49,54.897,49.323,ML2
Montreal,QC,2012,3,253.274,74.848,78.955,297.984,70.114,87.642,166.901,49.323,52.029,ML2
Montreal,QC,2012,4,323.822,78.955,95.019,289.22,87.642,87.642,213.389,52.029,62.615,ML2
Montreal,QC,2013,1,278.362,95.019,96.592,341.805,87.642,113.935,183.433,62.615,63.652,ML2
Montreal,QC,2013,2,265.102,96.592,68.969,271.691,113.935,78.878,174.695,63.652,45.449,ML2
Montreal,QC,2013,3,284.083,68.969,75.952,280.456,78.878,96.407,187.203,45.449,50.051,ML2
Montreal,QC,2013,4,293.984,75.952,103.656,289.22,96.407,113.935,193.727,50.051,68.306,ML2
Montreal,QC,2014,1,362.181,103.656,64.311,315.513,113.935,70.114,238.667,68.306,42.379,ML2
Montreal,QC,2014,2,199.934,64.311,54.767,236.635,70.114,70.114,131.751,42.379,36.09,ML2
Montreal,QC,2014,3,233.976,54.767,,210.342,70.114,,154.184,36.09,,ML2
Montreal,QC,2014,4,298.718,,89.644,297.984,,87.642,196.847,,59.073,ML2
Montreal,QC,2015,1,,,,297.984,87.642,157.756,,,,ML2
Montreal,QC,2015,2,,,,306.748,157.756,,,,,ML2
Moosonee,ON,2008,1,188.322,92.66,81.342,,,,124.099,61.06,53.602,ME1
Moosonee,ON,2008,2,197.525,81.342,78.545,,,,130.163,53.602,51.759,ME1
Moosonee,ON,2008,3,214.297,78.545,90.604,,,,141.216,51.759,59.706,ME1
Moosonee,ON,2008,4,230.261,90.604,77.075,,,,151.736,59.706,50.79,ME1
Moosonee,ON,2009,1,200.237,77.075,87.167,,,,131.951,50.79,57.44,ME1
Moosonee,ON,2009,2,215.04,87.167,91.992,,,,141.706,57.44,60.62,ME1
Moosonee,ON,2009,3,229.605,91.992,90.351,,,,151.303,60.62,59.538,ME1
Moosonee,ON,2009,4,235.792,90.351,101.82,,,,155.38,59.538,67.096,ME1
Moosonee,ON,2010,1,206.371,101.82,81.434,,,,135.993,67.096,53.662,ME1
Moosonee,ON,2010,2,222.028,81.434,109.997,,,,146.31,53.662,72.485,ME1
Moosonee,ON,2010,3,230.791,109.997,98.61,254.163,157.756,96.407,152.085,72.485,64.981,ME1
Moosonee,ON,2010,4,253.244,98.61,92.147,219.106,96.407,96.407,166.88,64.981,60.722,ME1
Moosonee,ON,2011,1,183.438,92.147,80.932,192.813,96.407,87.642,120.881,60.722,53.332,ME1
Moosonee,ON,2011,2,215.495,80.932,80.058,227.87,87.642,87.642,142.005,53.332,52.756,ME1
Moosonee,ON,2011,3,249.58,80.058,90.437,227.87,87.642,105.171,164.466,52.756,59.595,ME1
Moosonee,ON,2011,4,236.821,90.437,99.93,236.635,105.171,87.642,156.058,59.595,65.851,ME1
Moosonee,ON,2012,1,197.476,99.93,84.027,184.049,87.642,96.407,130.131,65.851,55.371,ME1
Moosonee,ON,2012,2,229.766,84.027,66.855,236.635,96.407,87.642,151.409,55.371,44.055,ME1
Moosonee,ON,2012,3,200.684,66.855,84.448,201.578,87.642,70.114,132.245,44.055,55.649,ME1
Moosonee,ON,2012,4,240.043,84.448,78.601,227.87,70.114,96.407,158.181,55.649,51.796,ME1
Moosonee,ON,2013,1,188.238,78.601,102.38,219.106,96.407,113.935,124.043,51.796,67.465,ME1
Moosonee,ON,2013,2,181.65,102.38,63.511,166.521,113.935,70.114,119.702,67.465,41.852,ME1
Moosonee,ON,2013,3,199.343,63.511,72.385,201.578,70.114,96.407,131.361,41.852,47.7,ME1
Moosonee,ON,2013,4,205.89,72.385,85.655,227.87,96.407,113.935,135.675,47.7,56.444,ME1
Moosonee,ON,2014,1,183.782,85.655,60.33,192.813,113.935,78.878,121.107,56.444,39.755,ME1
Moosonee,ON,2014,2,160.837,60.33,55.813,201.578,78.878,78.878,105.987,39.755,36.779,ME1
Moosonee,ON,2014,3,175.932,55.813,43.988,219.106,78.878,70.114,115.934,36.779,28.987,ME1
Moosonee,ON,2014,4,228.166,43.988,84.715,219.106,70.114,87.642,150.355,28.987,55.825,ME1
Moosonee,ON,2015,1,,,,192.813,87.642,157.756,,,,ME1
Moosonee,ON,2015,2,,,,210.342,157.756,,,,,ME1
Ottawa,ON,2008,1,211.261,85.336,65.802,,,,139.215,56.234,43.362,OA3
Ottawa,ON,2008,2,245.307,65.802,87.328,,,,161.651,43.362,57.547,OA3
Ottawa,ON,2008,3,249.83,87.328,93.091,,,,164.631,57.547,61.344,OA3
Ottawa,ON,2008,4,278.06,93.091,81.262,,,,183.234,61.344,53.549,OA3
Ottawa,ON,2009,1,236.14,81.262,81.892,,,,155.61,53.549,53.964,OA3
Ottawa,ON,2009,2,267.685,81.892,84.348,,,,176.397,53.964,55.583,OA3
Ottawa,ON,2009,3,235.703,84.348,69.095,,,,155.322,55.583,45.531,OA3
Ottawa,ON,2009,4,278.246,69.095,100.675,,,,183.357,45.531,66.342,OA3
Ottawa,ON,2010,1,250.014,100.675,81.709,,,,164.752,66.342,53.844,OA3
Ottawa,ON,2010,2,244.28,81.709,101.642,,,,160.974,53.844,66.979,OA3
Ottawa,ON,2010,3,249.871,101.642,83.265,271.691,113.935,87.642,164.658,66.979,54.869,OA3
Ottawa,ON,2010,4,280.207,83.265,93.482,219.106,87.642,122.699,184.649,54.869,61.602,OA3
Ottawa,ON,2011,1,216.891,93.482,75.162,201.578,122.699,78.878,142.925,61.602,49.53,OA3
Ottawa,ON,2011,2,248.888,75.162,66.141,245.399,78.878,70.114,164.01,49.53,43.585,OA3
Ottawa,ON,2011,3,239.224,66.141,77.462,289.22,70.114,96.407,157.642,43.585,51.045,OA3
Ottawa,ON,2011,4,279.825,77.462,117.58,254.163,96.407,96.407,184.397,51.045,77.482,OA3
Ottawa,ON,2012,1,216.956,117.58,79.065,201.578,96.407,96.407,142.968,77.482,52.102,OA3
Ottawa,ON,2012,2,246.527,79.065,66.66,262.927,96.407,70.114,162.454,52.102,43.927,OA3
Ottawa,ON,2012,3,215.083,66.66,56.92,227.87,70.114,78.878,141.734,43.927,37.508,OA3
Ottawa,ON,2012,4,273.032,56.92,82.804,262.927,78.878,87.642,179.92,37.508,54.565,OA3
Ottawa,ON,2013,1,200.703,82.804,79.833,227.87,87.642,78.878,132.258,54.565,52.607,OA3
Ottawa,ON,2013,2,231.526,79.833,62.5,254.163,78.878,78.878,152.569,52.607,41.186,OA3
Ottawa,ON,2013,3,235.482,62.5,75.256,280.456,78.878,87.642,155.176,41.186,49.592,OA3
Ottawa,ON,2013,4,253.141,75.256,87.813,227.87,87.642,96.407,166.813,49.592,57.866,OA3
Ottawa,ON,2014,1,233.297,87.813,43.543,219.106,96.407,35.057,153.736,57.866,28.693,OA3
Ottawa,ON,2014,2,163.673,43.543,47.918,184.049,,70.114,107.856,28.693,31.577,OA3
Ottawa,ON,2014,3,206.246,47.918,41.972,175.285,70.114,70.114,135.91,31.577,27.658,OA3
Ottawa,ON,2014,4,244.601,41.972,94.704,245.399,70.114,105.171,161.185,27.658,62.408,OA3
Ottawa,ON,2015,1,,,,280.456,105.171,157.756,,,,OA3
Ottawa,ON,2015,2,,,,254.163,157.756,,,,,OA3
Point Lepreau,NB,2008,1,239.557,79.438,79.942,,,,157.861,52.348,52.679,LE12
Point Lepreau,NB,2008,2,257.884,79.942,104.882,,,,169.938,52.679,69.115,LE12
Point Lepreau,NB,2008,3,276.822,104.882,109.464,,,,182.418,69.115,72.134,LE12
Point Lepreau,NB,2008,4,247.665,109.464,72.433,,,,163.204,72.134,47.732,LE12
Point Lepreau,NB,2009,1,257.362,72.433,85.786,,,,169.594,47.732,56.53,LE12
Point Lepreau,NB,2009,2,261.817,85.786,92.861,,,,172.53,56.53,61.193,LE12
Point Lepreau,NB,2009,3,242.625,92.861,85.433,,,,159.883,61.193,56.298,LE12
Point Lepreau,NB,2009,4,287.202,85.433,113.281,,,,189.258,56.298,74.649,LE12
Point Lepreau,NB,2010,1,273.168,113.281,90.325,,,,180.01,74.649,59.522,LE12
Point Lepreau,NB,2010,2,270.224,90.325,117.655,,,,178.07,59.522,77.532,LE12
Point Lepreau,NB,2010,3,277.342,117.655,108.974,306.748,140.228,96.407,182.761,77.532,71.811,LE12
Point Lepreau,NB,2010,4,268.347,108.974,98.193,236.635,96.407,96.407,176.833,71.811,64.707,LE12
Point Lepreau,NB,2011,1,238.203,98.193,119.876,227.87,96.407,113.935,156.969,64.707,78.995,LE12
Point Lepreau,NB,2011,2,246.731,119.876,74.485,245.399,113.935,87.642,162.589,78.995,49.083,LE12
Point Lepreau,NB,2011,3,250.584,74.485,101.371,289.22,87.642,113.935,165.128,49.083,66.801,LE12
Point Lepreau,NB,2011,4,260.547,101.371,104.164,254.163,113.935,96.407,171.693,66.801,68.641,LE12
Point Lepreau,NB,2012,1,245.228,104.164,83.359,201.578,96.407,113.935,161.598,68.641,54.931,LE12
Point Lepreau,NB,2012,2,253.831,83.359,73.904,219.106,113.935,87.642,167.267,54.931,48.7,LE12
Point Lepreau,NB,2012,3,216.403,73.904,91.549,271.691,87.642,87.642,142.603,48.7,60.328,LE12
Point Lepreau,NB,2012,4,267.102,91.549,82.338,254.163,87.642,113.935,176.012,60.328,54.258,LE12
Point Lepreau,NB,2013,1,249.767,82.338,103.078,262.927,113.935,140.228,164.59,54.258,67.926,LE12
Point Lepreau,NB,2013,2,260.729,103.078,91.367,254.163,140.228,105.171,171.813,67.926,60.208,LE12
Point Lepreau,NB,2013,3,242.179,91.367,89.419,271.691,105.171,113.935,159.589,60.208,58.925,LE12
Point Lepreau,NB,2013,4,277.765,89.419,123.521,280.456,113.935,122.699,183.039,58.925,81.397,LE12
Point Lepreau,NB,2014,1,284.558,123.521,65.633,,,,187.516,81.397,43.25,LE12
Point Lepreau,NB,2014,2,210.195,65.633,55.751,192.813,96.407,131.464,138.513,43.25,36.738,LE12
Point Lepreau,NB,2014,3,171.484,55.751,54.553,236.635,131.464,52.585,113.003,36.738,35.949,LE12
Point Lepreau,NB,2014,4,263.12,54.553,,227.87,52.585,,173.389,35.949,,LE12
Point Lepreau,NB,2015,1,,,,280.456,,131.464,,,,LE12
Point Lepreau,NB,2015,2,,,,262.927,131.464,,,,,LE12
Point Lepreau,NB,2008,1,243.444,92.687,88.339,,,,160.423,61.078,58.213,LE13
Point Lepreau,NB,2008,2,258.325,88.339,97.448,,,,170.229,58.213,64.215,LE13
Point Lepreau,NB,2008,3,270.028,97.448,102.462,,,,177.941,64.215,67.519,LE13
Point Lepreau,NB,2008,4,254.989,102.462,70.596,,,,168.031,67.519,46.521,LE13
Point Lepreau,NB,2009,1,258.909,70.596,91.622,,,,170.614,46.521,60.376,LE13
Point Lepreau,NB,2009,2,282.592,91.622,100.295,,,,186.22,60.376,66.092,LE13
Point Lepreau,NB,2009,3,275.646,100.295,98.982,,,,181.643,66.092,65.226,LE13
Point Lepreau,NB,2009,4,280.416,98.982,112.993,,,,184.786,65.226,74.459,LE13
Point Lepreau,NB,2010,1,274.169,112.993,94.858,,,,180.67,74.459,62.509,LE13
Point Lepreau,NB,2010,2,278.75,94.858,121.972,,,,183.689,62.509,80.376,LE13
Point Lepreau,NB,2010,3,296.281,121.972,108.572,289.22,113.935,122.699,195.241,80.376,71.546,LE13
Point Lepreau,NB,2010,4,278.549,108.572,96.672,227.87,122.699,87.642,183.556,71.546,63.704,LE13
Point Lepreau,NB,2011,1,249.617,96.672,93.282,227.87,87.642,87.642,164.49,63.704,61.47,LE13
Point Lepreau,NB,2011,2,274.689,93.282,78.473,289.22,87.642,87.642,181.012,61.47,51.712,LE13
Point Lepreau,NB,2011,3,258.574,78.473,90.25,262.927,87.642,96.407,170.393,51.712,59.472,LE13
Point Lepreau,NB,2011,4,277.071,90.25,108.261,280.456,96.407,131.464,182.582,59.472,71.341,LE13
Point Lepreau,NB,2012,1,265.711,108.261,86.956,210.342,131.464,96.407,175.096,71.341,57.301,LE13
Point Lepreau,NB,2012,2,253.467,86.956,75.472,297.984,96.407,96.407,167.028,57.301,49.734,LE13
Point Lepreau,NB,2012,3,244.61,75.472,91.345,271.691,96.407,78.878,161.191,49.734,60.194,LE13
Point Lepreau,NB,2012,4,271.512,91.345,89.808,271.691,78.878,113.935,178.919,60.194,59.181,LE13
Point Lepreau,NB,2013,1,263.625,89.808,104.819,245.399,113.935,122.699,173.721,59.181,69.073,LE13
Point Lepreau,NB,2013,2,261.675,104.819,94.843,236.635,122.699,96.407,172.437,69.073,62.499,LE13
Point Lepreau,NB,2013,3,263.952,94.843,85.699,262.927,96.407,105.171,173.937,62.499,56.473,LE13
Point Lepreau,NB,2013,4,265.722,85.699,120.417,280.456,105.171,140.228,175.103,56.473,79.352,LE13
Point Lepreau,NB,2014,1,271.881,120.417,71.146,,,,179.162,79.352,46.883,LE13
Point Lepreau,NB,2014,2,184.319,71.146,46.419,192.813,105.171,122.699,121.461,46.883,30.589,LE13
Point Lepreau,NB,2014,3,179.118,46.419,49.39,210.342,122.699,70.114,118.034,30.589,32.547,LE13
Point Lepreau,NB,2014,4,255.196,49.39,92.749,254.163,70.114,78.878,168.167,32.547,61.119,LE13
Point Lepreau,NB,2015,1,,,,236.635,78.878,140.228,,,,LE13
Point Lepreau,NB,2015,2,,,,236.635,140.228,,,,,LE13
Point Lepreau,NB,2008,4,262.434,,63.4,,,,172.937,,41.779,LE14
Point Lepreau,NB,2009,1,267.437,63.4,92.109,,,,176.234,41.779,60.697,LE14
Point Lepreau,NB,2009,2,291.446,92.109,108.456,,,,192.055,60.697,71.469,LE14
Point Lepreau,NB,2009,3,281.013,108.456,100.545,,,,185.179,71.469,66.256,LE14
Point Lepreau,NB,2009,4,310.689,100.545,112.857,,,,204.735,66.256,74.37,LE14
Point Lepreau,NB,2010,1,284.55,112.857,101.101,,,,187.511,74.37,66.623,LE14
Point Lepreau,NB,2010,2,287.311,101.101,106.271,,,,189.33,66.623,70.03,LE14
Point Lepreau,NB,2010,3,303.782,106.271,110.182,333.041,122.699,113.935,200.184,70.03,72.607,LE14
Point Lepreau,NB,2010,4,299.688,110.182,102.067,289.22,113.935,87.642,197.486,72.607,67.259,LE14
Point Lepreau,NB,2011,1,234.596,102.067,94.722,236.635,87.642,96.407,154.592,67.259,62.419,LE14
Point Lepreau,NB,2011,2,271.331,94.722,78.943,245.399,96.407,87.642,178.799,62.419,52.021,LE14
Point Lepreau,NB,2011,3,256.776,78.943,104.649,306.748,87.642,105.171,169.208,52.021,68.961,LE14
Point Lepreau,NB,2011,4,282.171,104.649,105.419,262.927,105.171,122.699,185.943,68.961,69.468,LE14
Point Lepreau,NB,2012,1,288.71,105.419,100.118,271.691,122.699,96.407,190.252,69.468,65.975,LE14
Point Lepreau,NB,2012,2,277.46,100.118,71.363,289.22,96.407,122.699,182.838,65.975,47.026,LE14
Point Lepreau,NB,2012,3,261.841,71.363,102.468,289.22,122.699,96.407,172.546,47.026,67.524,LE14
Point Lepreau,NB,2012,4,258.88,102.468,95.296,254.163,96.407,105.171,170.595,67.524,62.798,LE14
Point Lepreau,NB,2013,1,283.522,95.296,113.837,324.277,105.171,113.935,186.833,62.798,75.015,LE14
Point Lepreau,NB,2013,2,280.992,113.837,86.74,262.927,113.935,87.642,185.166,75.015,57.159,LE14
Point Lepreau,NB,2013,3,291.293,86.74,92.823,297.984,87.642,140.228,191.954,57.159,61.168,LE14
Point Lepreau,NB,2013,4,290.993,92.823,113.558,350.57,140.228,157.756,191.756,61.168,74.831,LE14
Point Lepreau,NB,2014,1,334.644,113.558,103.849,,,,220.521,74.831,68.434,LE14
Point Lepreau,NB,2014,2,211.551,103.849,,227.87,105.171,122.699,139.406,68.434,,LE14
Point Lepreau,NB,2014,3,,,,306.748,122.699,122.699,,,,LE14
Point Lepreau,NB,2014,4,265.581,107.472,86.407,254.163,122.699,78.878,175.01,70.821,56.94,LE14
Point Lepreau,NB,2015,1,,,,271.691,78.878,140.228,,,,LE14
Point Lepreau,NB,2015,2,,,,,140.228,,,,,LE14
Point Lepreau,NB,2009,4,323.702,88.239,149.834,,,,213.311,58.147,98.737,LE15
Point Lepreau,NB,2010,1,312.609,149.834,109.331,,,,206,98.737,72.046,LE15
Point Lepreau,NB,2010,2,284.92,109.331,,,,,187.754,72.046,,LE15
Point Lepreau,NB,2010,3,305.516,,,315.513,,,201.327,,,LE15
Point Lepreau,NB,2010,4,290.128,,97.547,262.927,,96.407,191.186,,64.281,LE15
Point Lepreau,NB,2011,1,248.455,97.547,95.794,210.342,96.407,96.407,163.725,64.281,63.126,LE15
Point Lepreau,NB,2011,2,293.813,95.794,99.06,262.927,96.407,113.935,193.614,63.126,65.277,LE15
Point Lepreau,NB,2011,3,283.64,99.06,107.59,315.513,113.935,122.699,186.911,65.277,70.899,LE15
Point Lepreau,NB,2011,4,290.335,107.59,104.275,297.984,122.699,122.699,191.323,70.899,68.715,LE15
Point Lepreau,NB,2012,1,293.569,104.275,97.398,271.691,122.699,122.699,193.453,68.715,64.182,LE15
Point Lepreau,NB,2012,2,265.276,97.398,79.078,262.927,122.699,96.407,174.81,64.182,52.11,LE15
Point Lepreau,NB,2012,3,243.4,79.078,91.09,262.927,96.407,87.642,160.394,52.11,60.026,LE15
Point Lepreau,NB,2012,4,286.822,91.09,86.466,280.456,87.642,96.407,189.008,60.026,56.979,LE15
Point Lepreau,NB,2013,1,270.671,86.466,115.182,315.513,96.407,131.464,178.365,56.979,75.902,LE15
Point Lepreau,NB,2013,2,246.122,115.182,90.701,271.691,131.464,78.878,162.188,75.902,59.769,LE15
Point Lepreau,NB,2013,3,249.928,90.701,82.627,289.22,78.878,105.171,164.696,59.769,54.449,LE15
Point Lepreau,NB,2013,4,287.592,82.627,122.075,315.513,105.171,140.228,189.515,54.449,80.444,LE15
Point Lepreau,NB,2014,1,292.031,122.075,67.771,,,,192.44,80.444,44.659,LE15
Point Lepreau,NB,2014,2,220.402,67.771,114.328,227.87,87.642,,145.239,44.659,75.339,LE15
Point Lepreau,NB,2014,3,251.751,114.328,102.042,280.456,,113.935,165.897,75.339,67.243,LE15
Point Lepreau,NB,2014,4,277.732,102.042,91.907,280.456,113.935,96.407,183.018,67.243,60.564,LE15
Point Lepreau,NB,2015,1,,,,245.399,96.407,148.992,,,,LE15
Point Lepreau,NB,2015,2,,,,262.927,148.992,,,,,LE15
Port Hope,ON,2010,1,229.761,,80.203,,,,151.406,,52.852,PE1
Port Hope,ON,2010,2,229.047,80.203,111.354,,,,150.935,52.852,73.379,PE1
Port Hope,ON,2010,3,238.94,111.354,86.435,236.635,131.464,78.878,157.455,73.379,56.958,PE1
Port Hope,ON,2010,4,240.133,86.435,98.601,236.635,78.878,105.171,158.241,56.958,64.975,PE1
Port Hope,ON,2011,1,215.794,98.601,84.279,201.578,105.171,87.642,142.202,64.975,55.537,PE1
Port Hope,ON,2011,2,244.723,84.279,94.768,227.87,87.642,96.407,161.266,55.537,62.449,PE1
Port Hope,ON,2011,3,231.151,94.768,88.133,227.87,96.407,96.407,152.322,62.449,58.077,PE1
Port Hope,ON,2011,4,237.011,88.133,88.467,236.635,96.407,87.642,156.184,58.077,58.297,PE1
Port Hope,ON,2012,1,214.214,88.467,87.898,192.813,87.642,96.407,141.161,58.297,57.923,PE1
Port Hope,ON,2012,2,199.824,87.898,67.849,254.163,96.407,87.642,131.678,57.923,44.711,PE1
Port Hope,ON,2012,3,189.109,67.849,67.842,175.285,87.642,70.114,124.617,44.711,44.706,PE1
Port Hope,ON,2012,4,215.724,67.842,74.7,210.342,70.114,96.407,142.156,44.706,49.225,PE1
Port Hope,ON,2013,1,210.028,74.7,92.259,219.106,96.407,113.935,138.403,49.225,60.796,PE1
Port Hope,ON,2013,2,212.277,92.259,70.185,201.578,113.935,70.114,139.885,60.796,46.25,PE1
Port Hope,ON,2013,3,197.731,70.185,75.847,271.691,70.114,87.642,130.299,46.25,49.981,PE1
Port Hope,ON,2013,4,223.172,75.847,104.613,271.691,87.642,113.935,147.064,49.981,68.937,PE1
Port Hope,ON,2014,1,237.881,104.613,64.447,262.927,113.935,52.585,156.757,68.937,42.469,PE1
Port Hope,ON,2014,2,152.341,64.447,48.149,166.521,52.585,96.407,100.388,42.469,31.729,PE1
Port Hope,ON,2014,3,166.065,48.149,50.44,175.285,96.407,78.878,109.432,31.729,33.238,PE1
Port Hope,ON,2014,4,222.094,50.44,97.662,210.342,78.878,87.642,146.354,33.238,64.357,PE1
Port Hope,ON,2015,1,,,,254.163,87.642,140.228,,,,PE1
Port Hope,ON,2015,2,,,,227.87,140.228,,,,,PE1
Québec,QC,2008,1,190.694,85.618,72.819,,,,125.662,56.42,47.986,QC1
Québec,QC,2008,2,236.355,72.819,94.06,,,,155.751,47.986,61.983,QC1
Québec,QC,2008,3,256.788,94.06,101.136,,,,169.216,61.983,66.646,QC1
Québec,QC,2008,4,277.39,101.136,90.552,,,,182.792,66.646,59.671,QC1
Québec,QC,2009,1,223.968,90.552,89.238,,,,147.589,59.671,58.805,QC1
Québec,QC,2009,2,274.037,89.238,98.628,,,,180.583,58.805,64.993,QC1
Québec,QC,2009,3,261.679,98.628,83.836,,,,172.439,64.993,55.246,QC1
Québec,QC,2009,4,279.297,83.836,109.172,,,,184.049,55.246,71.941,QC1
Québec,QC,2010,1,232.973,109.172,86.438,,,,153.522,71.941,56.96,QC1
Québec,QC,2010,2,270.271,86.438,115.876,,,,178.101,56.96,76.359,QC1
Québec,QC,2010,3,272.663,115.876,77.216,271.691,148.992,96.407,179.677,76.359,50.883,QC1
Québec,QC,2010,4,247.185,77.216,90,236.635,96.407,105.171,162.888,50.883,59.308,QC1
Québec,QC,2011,1,191.024,90,76.838,210.342,105.171,87.642,125.879,59.308,50.634,QC1
Québec,QC,2011,2,279.485,76.838,90.966,254.163,87.642,96.407,184.173,50.634,59.944,QC1
Québec,QC,2011,3,257.493,90.966,84.578,219.106,96.407,96.407,169.68,59.944,55.735,QC1
Québec,QC,2011,4,291.944,84.578,104.818,219.106,96.407,96.407,192.383,55.735,69.072,QC1
Québec,QC,2012,1,200.162,104.818,84.12,236.635,96.407,87.642,131.901,69.072,55.433,QC1
Québec,QC,2012,2,247.244,84.12,63.001,280.456,87.642,87.642,162.927,55.433,41.516,QC1
Québec,QC,2012,3,217.566,63.001,63.103,254.163,87.642,61.35,143.37,41.516,41.583,QC1
Québec,QC,2012,4,246.198,63.103,74.652,254.163,61.35,87.642,162.237,41.583,49.194,QC1
Québec,QC,2013,1,213.796,74.652,97.889,,87.642,96.407,140.886,49.194,64.506,QC1
Québec,QC,2013,2,214.923,97.889,57.73,245.399,96.407,70.114,141.628,64.506,38.042,QC1
Québec,QC,2013,3,249.523,57.73,77.951,262.927,70.114,113.935,164.429,38.042,51.368,QC1
Québec,QC,2013,4,244.192,77.951,86.308,280.456,113.935,105.171,160.916,51.368,56.875,QC1
Québec,QC,2014,1,196.737,86.308,55.707,184.049,105.171,52.585,129.644,56.875,36.71,QC1
Québec,QC,2014,2,191.868,55.707,76.604,184.049,52.585,78.878,126.435,36.71,50.48,QC1
Québec,QC,2014,3,192.212,76.604,50.411,227.87,78.878,61.35,126.662,50.48,33.219,QC1
Québec,QC,2014,4,249.107,50.411,91.396,227.87,61.35,96.407,164.154,33.219,60.227,QC1
Québec,QC,2015,1,,,,,96.407,,,,,QC1
Québec,QC,2015,2,,,,280.456,,,,,,QC1
Regina,SK,2008,1,276.794,98.344,81.917,,,,182.399,64.806,53.981,RA3
Regina,SK,2008,2,319.755,81.917,107.679,,,,210.709,53.981,70.958,RA3
Regina,SK,2008,3,299.742,107.679,112.43,,,,197.521,70.958,74.088,RA3
Regina,SK,2008,4,355.568,112.43,88.79,,,,234.309,74.088,58.51,RA3
Regina,SK,2009,1,264.751,88.79,92.374,,,,174.464,58.51,60.872,RA3
Regina,SK,2009,2,306.024,92.374,95.899,,,,201.661,60.872,63.195,RA3
Regina,SK,2009,3,311.908,95.899,79.449,,,,205.539,63.195,52.355,RA3
Regina,SK,2009,4,365.147,79.449,114.167,,,,240.622,52.355,75.233,RA3
Regina,SK,2010,1,327.132,114.167,141.159,,,,215.571,75.233,93.02,RA3
Regina,SK,2010,2,301.178,141.159,120.374,,,,198.468,93.02,79.323,RA3
Regina,SK,2010,3,351.139,120.374,111.545,376.862,148.992,113.935,231.391,79.323,73.505,RA3
Regina,SK,2010,4,312.744,111.545,122.19,289.22,113.935,96.407,206.09,73.505,80.52,RA3
Regina,SK,2011,1,203.484,122.19,91.249,184.049,96.407,87.642,134.09,80.52,60.13,RA3
Regina,SK,2011,2,307.538,91.249,103.433,271.691,87.642,96.407,202.659,60.13,68.16,RA3
Regina,SK,2011,3,316.88,103.433,105.878,280.456,96.407,105.171,208.815,68.16,69.77,RA3
Regina,SK,2011,4,319.708,105.878,111.249,297.984,105.171,105.171,210.678,69.77,73.31,RA3
Regina,SK,2012,1,,,,,105.171,,,,,RA3
Resolute,NU,2008,1,228.125,136.751,115.499,,,,150.328,90.115,76.111,RE1
Resolute,NU,2008,2,202.015,115.499,106.069,,,,133.122,76.111,69.897,RE1
Resolute,NU,2008,3,227.75,106.069,127.902,,,,150.081,69.897,84.284,RE1
Resolute,NU,2008,4,224.583,127.902,119.052,,,,147.994,84.284,78.452,RE1
Resolute,NU,2009,1,210.65,119.052,105.399,,,,138.812,78.452,69.455,RE1
Resolute,NU,2009,2,217.695,105.399,127.801,,,,143.455,69.455,84.218,RE1
Resolute,NU,2009,3,217.102,127.801,108.299,,,,143.064,84.218,71.366,RE1
Resolute,NU,2009,4,227.205,108.299,131.725,,,,149.722,71.366,86.803,RE1
Resolute,NU,2010,1,234.816,131.725,116.116,,,,154.737,86.803,76.517,RE1
Resolute,NU,2010,2,216.279,116.116,126.14,,,,142.522,76.517,83.123,RE1
Resolute,NU,2010,3,241.463,126.14,124.409,210.342,166.521,113.935,159.117,83.123,81.982,RE1
Resolute,NU,2010,4,248.154,124.409,134.872,192.813,113.935,105.171,163.526,81.982,88.877,RE1
Resolute,NU,2011,1,200.348,134.872,103.038,210.342,105.171,96.407,132.024,88.877,67.899,RE1
Resolute,NU,2011,2,216.445,103.038,108.275,184.049,96.407,122.699,142.631,67.899,71.35,RE1
Resolute,NU,2011,3,236.447,108.275,110.928,210.342,122.699,105.171,155.812,71.35,73.098,RE1
Resolute,NU,2011,4,211.604,110.928,118.558,210.342,105.171,113.935,139.441,73.098,78.126,RE1
Resolute,NU,2012,1,250.91,118.558,169.368,289.22,113.935,245.399,165.343,78.126,111.609,RE1
Resolute,NU,2012,2,188.433,169.368,84.899,166.521,245.399,87.642,124.172,111.609,55.946,RE1
Resolute,NU,2012,3,182.621,84.899,80.451,157.756,87.642,78.878,120.342,55.946,53.015,RE1
Resolute,NU,2012,4,193.866,80.451,96.228,148.992,78.878,105.171,127.752,53.015,63.411,RE1
Resolute,NU,2013,1,209.557,96.228,221.795,192.813,105.171,569.676,138.092,63.411,146.156,RE1
Resolute,NU,2013,2,545.398,221.795,86.988,359.334,569.676,113.935,359.402,146.156,57.323,RE1
Resolute,NU,2013,3,212.801,86.988,108.689,201.578,113.935,113.935,140.23,57.323,71.623,RE1
Resolute,NU,2013,4,211.768,108.689,104.108,201.578,113.935,122.699,139.549,71.623,68.604,RE1
Resolute,NU,2014,1,169.23,104.108,59.752,192.813,122.699,,111.518,68.604,39.375,RE1
Resolute,NU,2014,2,174.341,59.752,105.392,,,,114.886,39.375,69.45,RE1
Resolute,NU,2014,3,153.565,105.392,62.882,157.756,,70.114,101.195,69.45,41.438,RE1
Resolute,NU,2014,4,200.478,62.882,109.369,184.049,70.114,122.699,132.11,41.438,72.071,RE1
Resolute,NU,2015,1,,,,201.578,122.699,166.521,,,,RE1
Resolute,NU,2015,2,,,,,166.521,,,,,RE1
RPB,ON,2008,1,185.915,,,,,,122.513,,,OA2
RPB,ON,2008,2,159.853,,,,,,105.339,,,OA2
RPB,ON,2008,3,143.952,,,,,,94.86,,,OA2
RPB,ON,2008,4,238.499,,,,,,157.164,,,OA2
RPB,ON,2009,1,189.869,,,,,,125.118,,,OA2
RPB,ON,2009,2,173.397,,,,,,114.264,,,OA2
RPB,ON,2009,3,167.314,,,,,,110.255,,,OA2
RPB,ON,2009,4,171.472,,,,,,112.995,,,OA2
RPB,ON,2010,1,203.398,,,,,,134.033,,,OA2
RPB,ON,2010,2,156.744,,,,,,103.29,,,OA2
RPB,ON,2010,3,153.422,,,157.756,,,101.101,,,OA2
RPB,ON,2010,4,195.234,,,166.521,,,128.654,,,OA2
RPB,ON,2011,1,177.477,,,166.521,,,116.952,,,OA2
RPB,ON,2011,2,203.615,,,201.578,,,134.177,,,OA2
RPB,ON,2011,3,174.51,,,166.521,,,114.997,,,OA2
RPB,ON,2011,4,193.431,,,184.049,,,127.466,,,OA2
RPB,ON,2012,1,181.134,,,175.285,,,119.362,,,OA2
RPB,ON,2012,2,153.954,,,,,,101.451,,,OA2
RPB,ON,2012,3,201.761,,,236.635,,,132.955,,,OA2
RPB,ON,2012,4,202.575,,,245.399,,,133.491,,,OA2
RPB,ON,2013,1,163.537,,,157.756,,,107.766,,,OA2
RPB,ON,2013,2,149.018,,,,,,98.198,,,OA2
RPB,ON,2014,3,183.709,,,,,,121.059,,,OA2
RPB,ON,2014,4,218.017,,,192.813,,,143.667,,,OA2
RPB,ON,2015,1,,,,192.813,,,,,,OA2
Saskatoon,SK,2015,1,,,,324.277,96.407,157.756,,,,SN3
Saskatoon,SK,2015,2,,,,333.041,157.756,,,,,SN3
St. John's,NL,2008,1,254.135,110.443,92.523,,,,167.468,72.779,60.97,SS4
St. John's,NL,2008,2,259.11,92.523,112.973,,,,170.746,60.97,74.446,SS4
St. John's,NL,2009,2,256.331,125.652,130.011,,,,168.915,82.801,85.674,SS4
St. John's,NL,2009,3,248.185,130.011,93.334,,,,163.547,85.674,61.505,SS4
St. John's,NL,2009,4,324.582,93.334,150.097,,,,213.891,61.505,98.91,SS4
St. John's,NL,2010,1,271.124,150.097,131.276,,,,178.663,98.91,86.507,SS4
St. John's,NL,2010,2,241.201,131.276,116.538,,,,158.945,86.507,76.795,SS4
St. John's,NL,2010,3,245.749,116.538,116.889,271.691,148.992,122.699,161.942,76.795,77.026,SS4
St. John's,NL,2010,4,343.622,116.889,179.229,315.513,122.699,175.285,226.437,77.026,118.107,SS4
St. John's,NL,2011,1,206.823,179.229,97.677,166.521,175.285,96.407,136.291,118.107,64.366,SS4
St. John's,NL,2011,2,249.126,97.677,133.284,262.927,96.407,131.464,164.167,64.366,87.831,SS4
St. John's,NL,2011,3,281.186,133.284,134.602,271.691,131.464,148.992,185.294,87.831,88.699,SS4
St. John's,NL,2011,4,257.422,134.602,128.447,254.163,148.992,148.992,169.634,88.699,84.643,SS4
St. John's,NL,2012,1,254.267,128.447,148.306,245.399,148.992,157.756,167.555,84.643,97.729,SS4
St. John's,NL,2012,2,247.229,148.306,90.381,254.163,157.756,96.407,162.917,97.729,59.558,SS4
St. John's,NL,2012,3,208.82,90.381,88.426,245.399,96.407,105.171,137.606,59.558,58.27,SS4
St. John's,NL,2012,4,235.629,88.426,89.583,236.635,105.171,113.935,155.273,58.27,59.033,SS4
St. John's,NL,2013,1,259.692,89.583,121.877,245.399,113.935,113.935,171.13,59.033,80.314,SS4
St. John's,NL,2013,2,866.424,121.877,669.308,876.424,113.935,,570.949,80.314,441.055,SS4
St. John's,NL,2013,3,217.29,669.308,96.566,236.635,,105.171,143.188,441.055,63.634,SS4
St. John's,NL,2013,4,249.752,96.566,153.637,254.163,105.171,157.756,164.579,63.634,101.242,SS4
St. John's,NL,2014,1,247.403,153.637,84.782,280.456,157.756,96.407,163.032,101.242,55.869,SS4
St. John's,NL,2014,2,194.517,84.782,98.723,192.813,96.407,122.699,128.181,55.869,65.056,SS4
St. John's,NL,2014,3,,,,227.87,122.699,140.228,,,,SS4
St. John's,NL,2014,4,234.045,109.732,134.114,227.87,140.228,105.171,154.229,72.311,88.377,SS4
St. John's,NL,2015,1,,,,262.927,105.171,157.756,,,,SS4
St. John's,NL,2015,2,,,,201.578,157.756,,,,,SS4
Toronto,ON,2008,1,209.924,256.537,,,,,138.334,169.051,,PI12
Toronto,ON,2008,2,240.723,236.465,,,,,158.63,155.824,,PI12
Toronto,ON,2008,3,237.402,,242.647,,,,156.441,,159.897,PI12
Toronto,ON,2008,4,227.789,242.647,90.392,,,,150.107,159.897,59.566,PI12
Toronto,ON,2009,1,221.77,90.392,85.266,,,,146.14,59.566,56.188,PI12
Toronto,ON,2009,2,231.436,85.266,111.676,,,,152.51,56.188,73.591,PI12
Toronto,ON,2009,3,193.313,111.676,79.587,,,,127.388,73.591,52.446,PI12
Toronto,ON,2009,4,243.572,79.587,115.648,,,,160.507,52.446,76.209,PI12
Toronto,ON,2010,1,224.96,115.648,88.297,,,,148.242,76.209,58.185,PI12
Toronto,ON,2010,2,221.66,88.297,113.9,,,,146.068,58.185,75.057,PI12
Toronto,ON,2010,3,224.893,113.9,103.711,254.163,131.464,105.171,148.198,75.057,68.343,PI12
Toronto,ON,2010,4,,,,192.813,105.171,87.642,,,,PI12
Toronto,ON,2011,1,209.57,109.157,74.586,201.578,87.642,70.114,138.101,71.931,49.15,PI12
Toronto,ON,2011,2,213.873,74.586,81.903,219.106,70.114,78.878,140.936,49.15,53.972,PI12
Toronto,ON,2011,3,227.841,81.903,83.222,227.87,78.878,96.407,150.141,53.972,54.841,PI12
Toronto,ON,2011,4,230.321,83.222,101.842,254.163,96.407,105.171,151.775,54.841,67.111,PI12
Toronto,ON,2012,1,206.033,101.842,74.272,201.578,105.171,105.171,135.77,67.111,48.943,PI12
Toronto,ON,2012,2,193.755,74.272,74.292,201.578,105.171,131.464,127.679,48.943,48.956,PI12
Toronto,ON,2012,3,177.433,74.292,84.523,201.578,131.464,78.878,116.923,48.956,55.698,PI12
Toronto,ON,2012,4,227.183,84.523,74.048,201.578,78.878,122.699,149.707,55.698,48.796,PI12
Toronto,ON,2013,1,210.109,74.048,90.282,219.106,122.699,113.935,138.456,48.796,59.493,PI12
Toronto,ON,2013,2,176.345,90.282,65.371,157.756,113.935,78.878,116.206,59.493,43.078,PI12
Toronto,ON,2013,3,184.26,65.371,78.048,210.342,78.878,96.407,121.422,43.078,51.432,PI12
Toronto,ON,2013,4,236.485,78.048,112.017,271.691,96.407,131.464,155.837,51.432,73.816,PI12
Toronto,ON,2014,1,236.422,112.017,67.391,,,,155.796,73.816,44.409,PI12
Toronto,ON,2014,2,137.802,67.391,,175.285,87.642,96.407,90.808,44.409,,PI12
Toronto,ON,2014,3,126.798,,64.255,201.578,96.407,61.35,83.556,,42.342,PI12
Toronto,ON,2014,4,200.799,64.255,87.82,210.342,61.35,96.407,132.321,42.342,57.871,PI12
Toronto,ON,2015,1,,,,236.635,96.407,122.699,,,,PI12
Toronto,ON,2015,2,,,,245.399,122.699,,,,,PI12
Vancouver,BC,2008,1,238.666,103.947,82.037,,,,157.274,68.498,54.06,VR2
Vancouver,BC,2008,2,217.801,82.037,108.186,,,,143.525,54.06,71.292,VR2
Vancouver,BC,2008,3,229.943,108.186,100.26,,,,151.526,71.292,66.068,VR2
Vancouver,BC,2008,4,226.843,100.26,93.083,,,,149.483,66.068,61.339,VR2
Vancouver,BC,2009,1,261.053,93.083,93.916,,,,172.027,61.339,61.888,VR2
Vancouver,BC,2009,2,238.472,93.916,109.246,,,,157.146,61.888,71.99,VR2
Vancouver,BC,2009,3,219.24,109.246,82.202,,,,144.473,71.99,54.169,VR2
Vancouver,BC,2009,4,269.802,82.202,124.805,,,,177.792,54.169,82.243,VR2
Vancouver,BC,2010,1,247.986,124.805,92.455,,,,163.416,82.243,60.925,VR2
Vancouver,BC,2010,2,236.367,92.455,115.927,,,,155.759,60.925,76.393,VR2
Vancouver,BC,2010,3,256.146,115.927,125.129,262.927,140.228,105.171,168.793,76.393,82.456,VR2
Vancouver,BC,2010,4,242.327,125.129,103.652,245.399,105.171,87.642,159.687,82.456,68.304,VR2
Vancouver,BC,2011,1,219.799,103.652,90.254,210.342,87.642,87.642,144.842,68.304,59.475,VR2
Vancouver,BC,2011,2,245.093,90.254,98.158,236.635,87.642,113.935,161.51,59.475,64.683,VR2
Vancouver,BC,2011,3,243.216,98.158,108.244,201.578,113.935,113.935,160.273,64.683,71.33,VR2
Vancouver,BC,2011,4,233.088,108.244,106.192,227.87,113.935,96.407,153.598,71.33,69.978,VR2
Vancouver,BC,2012,1,233.207,106.192,90.917,254.163,96.407,122.699,153.677,69.978,59.912,VR2
Vancouver,BC,2012,2,221.286,90.917,79.904,219.106,122.699,105.171,145.821,59.912,52.655,VR2
Vancouver,BC,2012,3,184.159,79.904,70.381,210.342,105.171,61.35,121.356,52.655,46.379,VR2
Vancouver,BC,2012,4,226.061,70.381,71.177,219.106,61.35,70.114,148.968,46.379,46.904,VR2
Vancouver,BC,2013,1,218.755,71.177,90.964,236.635,70.114,113.935,144.153,46.904,59.943,VR2
Vancouver,BC,2013,2,212.129,90.964,72.253,201.578,113.935,96.407,139.787,59.943,47.612,VR2
Vancouver,BC,2013,3,208.211,72.253,84.753,219.106,96.407,96.407,137.205,47.612,55.85,VR2
Vancouver,BC,2013,4,222.441,84.753,102.258,280.456,96.407,105.171,146.583,55.85,67.385,VR2
Vancouver,BC,2014,1,242.967,102.258,87.838,236.635,105.171,96.407,160.109,67.385,57.883,VR2
Vancouver,BC,2014,2,173.319,87.838,58.569,166.521,96.407,96.407,114.212,57.883,38.595,VR2
Vancouver,BC,2014,3,,,,280.456,96.407,122.699,,,,VR2
Vancouver,BC,2014,4,222.711,94.352,91.897,175.285,122.699,96.407,146.761,62.175,60.558,VR2
Vancouver,BC,2015,1,,,,271.691,96.407,166.521,,,,VR2
Vancouver,BC,2015,2,,,,227.87,166.521,,,,,VR2
Whitehorse,YT,2008,1,289.695,117.683,98.31,,,,190.901,77.55,64.784,WE2
Whitehorse,YT,2008,2,296.177,98.31,91.032,,,,195.172,64.784,59.988,WE2
Whitehorse,YT,2008,3,312.132,91.032,116.15,,,,205.686,59.988,76.539,WE2
Whitehorse,YT,2008,4,328.257,116.15,84.374,,,,216.312,76.539,55.6,WE2
Whitehorse,YT,2009,1,285.508,84.374,104.832,,,,188.142,55.6,69.082,WE2
Whitehorse,YT,2009,2,313.117,104.832,123.509,,,,206.335,69.082,81.389,WE2
Whitehorse,YT,2009,3,320.744,123.509,94.303,,,,211.361,81.389,62.143,WE2
Whitehorse,YT,2009,4,340.496,94.303,131.843,,,,224.377,62.143,86.881,WE2
Whitehorse,YT,2010,1,324.85,131.843,116.813,,,,214.067,86.881,76.977,WE2
Whitehorse,YT,2010,2,290.994,116.813,111.074,,,,191.757,76.977,73.194,WE2
Whitehorse,YT,2010,3,358.066,111.074,120.358,324.277,131.464,140.228,235.956,73.194,79.313,WE2
Whitehorse,YT,2010,4,377.736,120.358,137.836,306.748,140.228,131.464,248.917,79.313,90.83,WE2
Whitehorse,YT,2011,1,261.566,137.836,92.402,219.106,131.464,87.642,172.365,90.83,60.891,WE2
Whitehorse,YT,2011,2,337.683,92.402,97.362,289.22,87.642,122.699,222.524,60.891,64.159,WE2
Whitehorse,YT,2011,3,330.029,97.362,107.649,289.22,122.699,105.171,217.48,64.159,70.938,WE2
Whitehorse,YT,2011,4,332.05,107.649,117.698,297.984,105.171,96.407,218.812,70.938,77.56,WE2
Whitehorse,YT,2012,1,271.901,117.698,117.659,254.163,96.407,87.642,179.175,77.56,77.534,WE2
Whitehorse,YT,2012,2,300.388,117.659,77.202,306.748,87.642,96.407,197.947,77.534,50.874,WE2
Whitehorse,YT,2012,3,309.029,77.202,99.167,289.22,96.407,96.407,203.641,50.874,65.348,WE2
Whitehorse,YT,2012,4,318.29,99.167,95.855,262.927,96.407,96.407,209.744,65.348,63.166,WE2
Whitehorse,YT,2013,1,278.757,95.855,108.8,254.163,96.407,105.171,183.693,63.166,71.696,WE2
Whitehorse,YT,2013,2,265.349,108.8,83.811,245.399,105.171,87.642,174.858,71.696,55.229,WE2
Whitehorse,YT,2013,3,346.392,83.811,117.485,315.513,87.642,131.464,228.263,55.229,77.42,WE2
Whitehorse,YT,2013,4,342.292,117.485,166.253,359.334,131.464,157.756,225.561,77.42,109.556,WE2
Whitehorse,YT,2014,1,309.469,166.253,93.815,341.805,157.756,113.935,203.932,109.556,61.822,WE2
Whitehorse,YT,2014,2,241.088,93.815,102.78,271.691,113.935,131.464,158.87,61.822,67.729,WE2
Whitehorse,YT,2014,3,218.329,102.78,60.713,245.399,131.464,,143.872,67.729,40.008,WE2
Whitehorse,YT,2014,4,291.61,60.713,106.52,280.456,78.878,105.171,192.163,40.008,70.194,WE2
Whitehorse,YT,2015,1,,,,324.277,105.171,175.285,,,,WE2
Whitehorse,YT,2015,2,,,,350.57,175.285,,,,,WE2
Winnipeg,MB,2008,1,217.206,104.383,79.613,,,,143.133,68.785,52.463,WG2
Winnipeg,MB,2008,2,186.799,79.613,98.098,,,,123.095,52.463,64.644,WG2
Winnipeg,MB,2008,3,200.054,98.098,86.473,,,,131.83,64.644,56.984,WG2
Winnipeg,MB,2008,4,202.21,86.473,72.797,,,,133.251,56.984,47.971,WG2
Winnipeg,MB,2009,1,231.24,72.797,91.085,,,,152.381,47.971,60.023,WG2
Winnipeg,MB,2009,2,218.583,91.085,100.287,,,,144.04,60.023,66.087,WG2
Winnipeg,MB,2009,3,194.1,100.287,80.743,,,,127.906,66.087,53.207,WG2
Winnipeg,MB,2009,4,238.686,80.743,114.165,,,,157.287,53.207,75.232,WG2
Winnipeg,MB,2010,1,236.429,114.165,88.924,,,,155.8,75.232,58.598,WG2
Winnipeg,MB,2010,2,209.244,88.924,116.669,,,,137.886,58.598,76.881,WG2
Winnipeg,MB,2010,3,222.138,116.669,110.905,245.399,140.228,105.171,146.382,76.881,73.083,WG2
Winnipeg,MB,2010,4,227.216,110.905,92.191,236.635,105.171,87.642,149.729,73.083,60.751,WG2
Winnipeg,MB,2011,1,201.285,92.191,93.956,192.813,87.642,78.878,132.641,60.751,61.914,WG2
Winnipeg,MB,2011,2,228.065,93.956,110.029,227.87,78.878,122.699,150.289,61.914,72.506,WG2
Winnipeg,MB,2011,3,238.129,110.029,117.752,245.399,122.699,113.935,156.92,72.506,77.595,WG2
Winnipeg,MB,2011,4,237.702,117.752,101.587,227.87,113.935,113.935,156.639,77.595,66.943,WG2
Winnipeg,MB,2012,1,212.588,101.587,92.196,227.87,113.935,96.407,140.089,66.943,60.755,WG2
Winnipeg,MB,2012,2,192.585,92.196,73.851,219.106,96.407,96.407,126.908,60.755,48.666,WG2
Winnipeg,MB,2012,3,187.399,73.851,81.699,201.578,96.407,87.642,123.491,48.666,53.837,WG2
Winnipeg,MB,2012,4,209.647,81.699,71.645,192.813,87.642,113.935,138.151,53.837,47.212,WG2
Winnipeg,MB,2013,1,209.682,71.645,94.816,227.87,113.935,105.171,138.174,47.212,62.481,WG2
Winnipeg,MB,2013,2,196.527,94.816,82.344,157.756,105.171,61.35,129.506,62.481,54.262,WG2
Winnipeg,MB,2013,3,206.898,82.344,93.984,236.635,61.35,131.464,136.34,54.262,61.933,WG2
Winnipeg,MB,2013,4,220.276,93.984,99.47,236.635,131.464,105.171,145.156,61.933,65.548,WG2
Winnipeg,MB,2014,1,219.779,99.47,69.931,219.106,105.171,70.114,144.828,65.548,46.083,WG2
Winnipeg,MB,2014,2,146.675,69.931,81.257,184.049,70.114,105.171,96.654,46.083,53.546,WG2
Winnipeg,MB,2014,3,131.807,81.257,47.854,175.285,105.171,70.114,86.857,53.546,31.535,WG2
Winnipeg,MB,2014,4,205.633,47.854,95.747,201.578,70.114,87.642,135.506,31.535,63.095,WG2
Winnipeg,MB,2015,1,,,,245.399,87.642,157.756,,,,WG2
Winnipeg,MB,2015,2,,,,210.342,157.756,,,,,WG2
Yellowknife,NT,2008,1,233.95,108.934,88.765,,,,154.166,71.785,58.494,YE2
Yellowknife,NT,2008,2,273.118,88.765,94.751,,,,179.977,58.494,62.438,YE2
Yellowknife,NT,2008,3,378.937,94.751,175.438,,,,249.709,62.438,115.609,YE2
Yellowknife,NT,2008,4,350.769,175.438,197.444,,,,231.147,115.609,130.11,YE2
Yellowknife,NT,2009,1,318.305,197.444,142.081,,,,209.754,130.11,93.628,YE2
Yellowknife,NT,2009,2,279.023,142.081,122.925,,,,183.868,93.628,81.004,YE2
Yellowknife,NT,2009,3,307.93,122.925,104.086,,,,202.917,81.004,68.589,YE2
Yellowknife,NT,2009,4,313.736,104.086,122.891,,,,206.743,68.589,80.982,YE2
Yellowknife,NT,2010,1,304.282,122.891,125.614,,,,200.513,80.982,82.776,YE2
Yellowknife,NT,2010,2,309.563,125.614,180.223,,,,203.993,82.776,118.762,YE2
Yellowknife,NT,2010,3,308.945,180.223,115.565,324.277,175.285,131.464,203.586,118.762,76.154,YE2
Yellowknife,NT,2010,4,337.369,115.565,120.864,227.87,131.464,105.171,222.317,76.154,79.646,YE2
Yellowknife,NT,2011,1,267.563,120.864,123.951,245.399,105.171,105.171,176.317,79.646,81.68,YE2
Yellowknife,NT,2011,2,,,,420.684,105.171,,,,,YE2
Yellowknife,NT,2011,3,,,,,,122.699,,,,YE2
Yellowknife,NT,2011,4,330.922,105.611,120.246,306.748,122.699,113.935,218.068,69.595,79.239,YE2
Yellowknife,NT,2012,1,251.938,120.246,528.328,262.927,113.935,429.448,166.02,79.239,348.153,YE2
Yellowknife,NT,2012,2,546.237,528.328,94.506,517.09,429.448,105.171,359.955,348.153,62.277,YE2
Yellowknife,NT,2012,3,,,,,105.171,,,,,YE2
Yellowknife,NT,2012,4,314.924,,102.803,280.456,,113.935,207.526,,67.744,YE2
Yellowknife,NT,2013,1,269.016,102.803,110.972,245.399,113.935,131.464,177.274,67.744,73.128,YE2
Yellowknife,NT,2013,2,260.04,110.972,77.611,254.163,131.464,87.642,171.359,73.128,51.143,YE2
Yellowknife,NT,2013,3,290.961,77.611,98.635,333.041,87.642,96.407,191.735,51.143,64.998,YE2
Yellowknife,NT,2013,4,300.233,98.635,129.5,324.277,96.407,105.171,197.845,64.998,85.337,YE2
Yellowknife,NT,2014,1,298.436,129.5,109.275,280.456,105.171,96.407,196.661,85.337,72.009,YE2
Yellowknife,NT,2014,2,217.145,109.275,87.691,271.691,96.407,105.171,143.093,72.009,57.786,YE2
Yellowknife,NT,2014,3,,,,306.748,105.171,131.464,,,,YE2
Yellowknife,NT,2014,4,300.856,120.743,98.973,262.927,131.464,96.407,198.256,79.566,65.221,YE2
Yellowknife,NT,2015,1,,,,297.984,96.407,166.521,,,,YE2
Yellowknife,NT,2015,2,,,,271.691,166.521,,,,,YE2
