partcipant id,occasion,date,Location,Total VOCs,Ethylene,Acetylene,Ethane,Propene,Propane,Freon22,Freon12,Propyne,Chloromethane,Isobutane,Freon114,Vinylchloride,1-Butene,1_3-Butadiene,Butane,t-2-Butene,2_2-Dimethylpropane,Bromomethane,1-Butyne,c-2-Butene,Chloroethane,3-Methyl-1-Butene,2-Methylbutane,Freon11,1-Pentene,2-Methyl-1-Butene,Pentane,Isoprene,t-2-Pentene,Ethylbromide,"1,1-Dichloroethene",c-2-Pentene,Dichloromethane,2-Methyl-2-Butene,Freon 113 ,"2,2-Dimethylbutane",Cyclopentene,"t-1,2-Dichloroethene",4-Methyl-1-Pentene,3-Methyl-1-Pentene,"1,1-Dichloroethane",Cyclopentane,"2,3-Dimethylbutane",t-4-Methyl-2-Pentene,Methyl-t-Butyl Ether,2-Methylpentane,c-4-Methyl-2-Pentene,3-Methylpentane,1-Hexene,"c-1,2-Dichloroethene",Hexane,Chloroform,t-2-Hexene,2-Ethyl-1-Butene,t-3-Methyl-2-Pentene,c-2-Hexene,c-3-Methyl-2-Pentene,"2,2-Dimethylpentane","1,2-Dichloroethane",Methylcyclopentane,"2,4-Dimethylpentane","1,1,1-Trichloroethane","2,2,3-Trimethylbutane",1-Methylcyclopentene,Benzene,Carbontetrachloride,Cyclohexane,2-Methylhexane,"2,3-Dimethylpentane",Cyclohexene,3-Methylhexane,Dibromomethane,"1,2-Dichloropropane",Bromodichloromethane,1-Heptene,Trichloroethene,"2,2,4-Trimethylpentane",t-3-Heptene,Heptane,c-3-Heptene,t-2-Heptene,c-2-Heptene,"c-1,3-Dichloropropene","2,2-Dimethylhexane",Methylcyclohexane,"2,5-Dimethylhexane","2,4-Dimethylhexane","t-1,3-Dichloropropene","1,1,2-Trichloroethane","2,3,4-Trimethylpentane",Toluene,2-Methylheptane,4-Methylheptane,1-Methylcyclohexene,3-Methylheptane,Dibromochloromethane,"c-1,3-Dimethylcyclohexane","t-1,4-Dimethylcyclohexane","2,2,5-Trimethylhexane","1,2-Dibromoethane ( EDB )",1-Octene,Octane,t-2-Octene,"t-1,2-Dimethylcyclohexane",Tetrachloroethene,"c-1,4/t-1,3-Dimethylcyclohexane","c-1,2-Dimethylcyclohexane",Chlorobenzene,Ethylbenzene,"m,p-Xylene",Bromoform,"1,4-Dichlorobutane",Styrene,"1,1,2,2-Tetrachloroethane",1-Nonene,o-Xylene,Nonane,iso-Propylbenzene,a-Pinene,"3,6-Dimethyloctane",n-Propylbenzene,3-Ethyltoluene,Camphene,4-Ethyltoluene,"1,3,5-Trimethylbenzene",2-Ethyltoluene,b-Pinene,1-Decene,tert-Butylbenzene,"1,2,4-Trimethylbenzene",Decane,Benzyl Chloride,"1,3-Dichlorobenzene","1,4-Dichlorobenzene",iso-Butylbenzene,sec-Butylbenzene,"1,2,3-Trimethylbenzene",p-Cymene,"1,2-Dichlorobenzene",Limonene,Indan,"1,3-Diethylbenzene","1,4-Diethylbenzene",n-Butylbenzene,"1,2-Diethylbenzene",1-Undecene,Undecane,"1,2,4-Trichlorobenzene",Naphthalene,Dodecane,Hexachlorobutadiene,Hexylbenzene
1,1,2010-05-14,Low Traffic,74.78,1.66,0.22,3.08,0.74,2.70,2.56,2.77,0.09,1.31,5.03,0.13,0.00,1.21,0.13,10.18,0.76,0.04,0.06,0.00,0.53,0.03,0.14,8.41,1.57,0.23,0.50,4.52,0.24,0.81,0.00,0.00,0.35,0.44,1.00,0.76,0.22,0.13,0.00,0.00,0.00,0.00,0.32,0.34,0.00,0.00,1.47,0.06,0.99,0.16,0.00,0.95,0.10,0.10,0.00,0.07,0.05,0.12,0.03,0.08,0.48,0.13,0.05,0.00,0.11,0.95,0.51,0.13,0.79,0.35,0.00,1.12,0.07,0.00,0.00,0.00,0.05,0.37,0.00,1.01,0.00,0.00,0.00,0.00,0.00,0.22,0.08,0.09,0.00,0.00,0.13,3.43,0.12,0.05,0.01,0.11,0.01,0.04,0.02,0.03,0.00,0.04,0.12,0.00,0.00,0.19,0.02,0.00,0.02,0.49,1.45,0.02,0.00,0.07,0.00,0.04,0.55,0.10,0.04,0.06,0.00,0.13,0.39,0.03,0.19,0.18,0.15,0.00,0.00,0.00,0.62,0.15,0.00,0.01,0.18,0.01,0.01,0.15,0.02,0.01,0.57,0.07,0.03,0.12,0.00,0.01,0.00,0.23,0.01,0.17,0.26,0.00,0.02
1,2,2010-07-15,High Traffic,55.10,2.50,0.93,2.58,0.91,2.46,1.01,2.49,0.12,1.17,1.56,0.11,0.00,0.82,0.17,2.59,0.36,0.02,0.06,0.01,0.22,0.01,0.07,5.15,1.41,0.19,0.35,2.63,0.54,0.54,0.01,0.00,0.23,0.36,0.71,0.70,0.26,0.08,0.03,0.00,0.02,0.00,0.19,0.25,0.00,0.00,1.12,0.04,0.83,0.13,0.00,0.78,0.16,0.07,0.00,0.05,0.09,0.08,0.03,0.06,0.45,0.13,0.03,0.01,0.08,1.02,0.42,0.16,0.51,0.23,0.03,0.56,0.06,0.00,0.00,0.00,0.31,0.50,0.04,0.36,0.00,0.01,0.00,0.00,0.00,0.17,0.07,0.08,0.00,0.00,0.14,4.32,0.15,0.06,0.01,0.14,0.01,0.05,0.03,0.03,0.01,0.03,0.15,0.00,0.04,0.13,0.03,0.03,0.02,0.43,1.29,0.01,0.00,0.07,0.00,0.05,0.52,0.14,0.03,0.08,0.01,0.10,0.31,0.02,0.15,0.15,0.13,0.06,0.01,0.00,0.58,0.23,0.00,0.01,0.16,0.01,0.01,0.12,0.00,0.01,0.98,0.07,0.03,0.10,0.03,0.01,0.01,0.38,0.02,0.19,0.64,0.01,0.05
1,3,2010-08-31,Indoors,95.51,2.34,0.00,3.13,0.74,3.27,2.34,2.53,0.11,1.39,1.95,0.11,0.01,0.75,0.13,2.05,0.24,0.02,0.07,0.00,0.16,0.02,0.09,4.72,1.52,0.15,0.39,3.05,5.33,0.39,0.01,0.00,0.17,0.41,0.49,0.57,0.20,0.05,0.02,0.00,0.01,0.00,0.17,0.27,0.01,0.00,1.01,0.03,0.74,0.11,0.00,0.87,0.32,0.06,0.00,0.03,0.10,0.06,0.04,0.16,0.46,0.18,0.04,0.03,0.05,0.80,0.45,0.47,1.00,0.55,0.04,1.49,0.07,0.00,0.03,0.00,1.44,0.56,0.00,1.34,0.00,0.01,0.00,0.00,0.00,0.47,0.12,0.15,0.00,0.00,0.25,3.83,0.19,0.08,0.01,0.19,0.01,0.11,0.04,0.09,0.01,0.06,0.23,0.04,0.09,0.38,0.05,0.05,0.05,0.81,2.57,0.02,0.00,0.28,0.00,0.13,1.04,0.23,0.05,0.39,0.03,0.13,0.35,0.08,0.17,0.17,0.15,0.51,0.02,0.00,0.61,0.37,0.00,0.01,3.85,0.01,0.02,0.15,0.11,0.01,23.16,0.19,0.04,0.13,0.00,0.00,0.00,0.41,0.03,0.28,0.53,0.01,0.07
2,1,2010-05-13,Low Traffic,39.59,1.63,0.00,3.46,0.68,2.61,1.68,2.29,0.08,1.11,1.79,0.11,0.00,0.73,0.09,3.63,0.28,0.02,0.05,0.00,0.20,0.03,0.06,2.89,1.29,0.13,0.18,1.42,0.11,0.26,0.00,0.00,0.12,0.34,0.21,0.61,0.10,0.05,0.01,0.00,0.00,0.00,0.13,0.15,0.00,0.00,0.59,0.02,0.46,0.12,0.00,0.44,0.09,0.04,0.00,0.00,0.02,0.02,0.02,0.06,0.22,0.07,0.04,0.00,0.02,0.67,0.42,0.08,0.24,0.11,0.00,0.26,0.06,0.00,0.00,0.00,0.06,0.22,0.00,0.20,0.00,0.00,0.00,0.00,0.00,0.08,0.04,0.04,0.00,0.00,0.08,2.81,0.08,0.03,0.00,0.07,0.01,0.02,0.01,0.02,0.00,0.08,0.11,0.00,0.00,0.09,0.00,0.00,0.00,0.59,0.81,0.02,0.00,0.00,0.00,0.07,0.79,0.07,0.02,0.00,0.00,0.05,0.07,0.00,0.04,0.01,0.04,0.00,0.00,0.00,0.04,0.07,0.00,0.01,0.06,0.00,0.00,0.01,0.01,0.01,0.00,0.01,0.00,0.01,0.00,0.00,0.00,0.05,0.01,0.02,0.04,0.00,0.00
2,2,2010-05-20,High Traffic,62.08,3.32,1.02,3.69,1.55,3.35,1.20,2.93,0.23,1.39,1.80,0.14,0.00,1.18,0.31,3.50,0.33,0.02,0.07,0.00,0.26,0.02,0.09,4.21,1.62,0.17,0.28,2.00,0.48,0.39,0.00,0.00,0.18,0.37,0.52,0.78,0.16,0.08,0.03,0.00,0.00,0.00,0.20,0.26,0.00,0.00,1.02,0.04,0.76,0.15,0.00,0.79,0.25,0.08,0.00,0.04,0.04,0.10,0.04,0.08,0.40,0.18,0.05,0.02,0.09,1.32,0.53,0.14,0.54,0.40,0.00,0.61,0.07,0.00,0.00,0.00,0.25,0.56,0.00,0.37,0.00,0.00,0.00,0.00,0.00,0.17,0.08,0.10,0.00,0.00,0.21,3.79,0.16,0.06,0.02,0.16,0.01,0.06,0.03,0.06,0.00,0.12,0.20,0.00,0.00,0.90,0.02,0.00,0.03,0.62,1.84,0.02,0.00,0.15,0.00,0.12,0.71,0.17,0.06,0.09,0.00,0.16,0.50,0.08,0.23,0.25,0.20,0.00,0.00,0.00,0.79,0.24,0.00,0.01,0.26,0.02,0.02,0.19,0.04,0.01,0.53,0.08,0.05,0.16,0.00,0.01,0.00,0.38,0.01,0.33,0.52,0.00,0.04
2,3,2010-06-28,Indoors,75.28,1.54,0.48,2.11,0.45,1.44,2.47,2.33,0.07,1.17,0.44,0.11,0.00,0.43,0.07,0.82,0.10,0.01,0.06,0.00,0.07,0.01,0.03,1.53,1.35,0.08,0.12,0.99,3.57,0.13,0.01,0.01,0.06,0.33,0.17,0.65,0.08,0.03,0.01,0.00,0.01,0.00,0.06,0.09,0.00,0.00,0.41,0.01,0.35,0.07,0.00,0.59,0.16,0.03,0.00,0.02,0.03,0.03,0.02,0.05,0.23,0.05,0.03,0.01,0.03,0.51,0.41,0.12,0.23,0.12,0.02,0.32,0.06,0.00,0.00,0.00,0.13,0.13,0.02,0.25,0.00,0.01,0.00,0.00,0.00,0.13,0.03,0.05,0.00,0.00,0.05,1.98,0.07,0.03,0.01,0.07,0.01,0.03,0.01,0.01,0.01,0.08,0.11,0.00,0.02,0.15,0.01,0.02,0.02,0.45,0.78,0.01,0.00,0.12,0.00,0.07,0.58,0.11,0.02,0.36,0.01,0.05,0.16,0.11,0.08,0.07,0.07,0.58,0.02,0.00,0.31,0.17,0.00,0.01,0.86,0.01,0.01,0.08,0.19,0.01,38.40,0.00,0.02,0.07,0.00,0.00,0.00,0.17,0.02,0.15,0.25,0.01,0.03
3,1,2010-05-13,Low Traffic,37.19,1.40,0.00,3.38,0.60,2.56,1.68,2.31,0.07,1.14,1.44,0.11,0.00,0.79,0.08,3.05,0.23,0.02,0.06,0.00,0.17,0.03,0.05,2.31,1.30,0.16,0.15,1.61,0.18,0.24,0.00,0.00,0.10,0.33,0.29,0.61,0.09,0.05,0.02,0.00,0.00,0.00,0.11,0.12,0.00,0.00,0.48,0.02,0.38,0.12,0.00,0.38,0.09,0.04,0.00,0.02,0.02,0.05,0.01,0.06,0.18,0.06,0.04,0.00,0.05,0.59,0.23,0.07,0.19,0.09,0.00,0.22,0.06,0.00,0.00,0.00,0.95,0.18,0.00,0.19,0.00,0.00,0.00,0.00,0.00,0.07,0.03,0.04,0.00,0.00,0.07,2.01,0.10,0.00,0.01,0.06,0.01,0.02,0.01,0.02,0.00,0.00,0.13,0.00,0.00,0.09,0.00,0.00,0.01,0.25,0.68,0.01,0.00,0.03,0.00,0.11,0.29,0.09,0.02,0.03,0.00,0.06,0.16,0.01,0.07,0.07,0.06,0.00,0.00,0.00,0.23,0.12,0.00,0.01,0.04,0.00,0.01,0.05,0.01,0.01,0.10,0.03,0.01,0.05,0.00,0.00,0.02,0.10,0.01,0.05,0.09,0.00,0.00
3,2,2010-05-20,High Traffic,62.84,3.41,1.15,3.42,1.58,3.19,1.18,2.89,0.23,1.37,1.72,0.14,0.00,1.29,0.31,3.31,0.32,0.03,0.07,0.00,0.25,0.02,0.09,5.96,1.60,0.18,0.27,2.10,0.49,0.38,0.00,0.00,0.18,0.36,0.50,0.79,0.16,0.08,0.03,0.02,0.00,0.00,0.19,0.26,0.00,0.00,1.00,0.00,0.76,0.17,0.00,0.79,0.25,0.07,0.00,0.04,0.04,0.12,0.04,0.08,0.40,0.18,0.05,0.00,0.09,1.32,0.52,0.14,0.52,0.39,0.00,0.59,0.07,0.00,0.00,0.00,0.15,0.54,0.00,0.36,0.00,0.00,0.00,0.00,0.00,0.16,0.08,0.10,0.00,0.00,0.19,3.73,0.16,0.06,0.02,0.16,0.01,0.05,0.03,0.05,0.00,0.12,0.19,0.28,0.04,0.88,0.00,0.00,0.05,0.57,1.71,0.02,0.00,0.15,0.00,0.09,0.66,0.15,0.05,0.09,0.01,0.15,0.46,0.06,0.22,0.22,0.18,0.08,0.02,0.04,0.71,0.22,0.00,0.01,0.25,0.01,0.02,0.17,0.03,0.01,0.50,0.08,0.04,0.14,0.04,0.01,0.02,0.33,0.01,0.30,0.44,0.01,0.03
3,3,2010-06-28,Indoors,203.99,2.44,0.78,3.25,0.81,3.51,44.54,2.47,0.11,1.38,2.00,0.11,0.01,0.77,0.13,2.82,0.22,0.03,0.07,0.01,0.15,0.03,0.07,4.10,1.43,0.17,0.31,2.65,4.35,0.41,0.01,0.00,0.19,0.44,0.51,0.69,0.23,0.07,0.03,0.00,0.02,0.00,0.24,0.29,0.01,0.00,1.39,0.04,1.01,0.17,0.00,1.45,0.40,0.09,0.00,0.05,0.14,0.10,0.07,0.15,0.71,0.21,0.05,0.04,0.09,0.97,0.43,0.78,0.85,0.39,0.03,0.99,0.05,0.00,0.02,0.00,1.11,0.44,0.03,0.89,0.00,0.02,0.00,0.00,0.00,0.51,0.11,0.13,0.00,0.00,0.17,6.06,0.27,0.11,0.02,0.25,0.01,0.12,0.05,0.05,0.00,0.09,0.30,0.04,0.09,0.53,0.05,0.05,0.06,0.72,2.12,0.01,0.00,0.30,0.00,0.11,0.99,0.27,0.05,0.99,0.04,0.15,0.43,0.07,0.21,0.21,0.19,1.43,0.03,0.00,0.78,0.34,0.00,0.00,2.32,0.01,0.03,0.18,0.00,0.01,86.63,0.00,0.00,0.00,0.00,0.00,0.03,0.43,0.01,0.25,0.52,0.00,0.04
4,1,2010-05-14,High Traffic,246.00,6.46,1.52,4.31,3.02,8.00,15.02,2.74,0.37,1.32,17.82,0.13,0.00,3.61,0.57,36.00,2.87,0.12,0.06,0.00,1.87,0.03,0.51,30.83,1.54,0.80,2.35,14.57,0.77,3.17,0.00,0.00,1.36,0.59,4.29,0.76,0.81,0.49,0.04,0.00,0.00,0.00,1.21,1.30,0.00,0.00,5.82,0.29,3.43,0.53,0.00,3.08,0.12,0.39,0.00,0.21,0.19,0.48,0.11,0.09,1.78,0.49,0.05,0.00,0.43,3.49,0.50,0.49,2.55,1.17,0.00,3.51,0.06,0.00,0.00,0.00,0.15,1.43,0.00,3.57,0.55,0.00,0.00,0.00,0.00,0.77,0.29,0.34,0.00,0.00,0.48,13.72,0.44,0.17,0.05,0.47,0.01,0.14,0.08,0.13,0.00,0.08,0.44,0.00,0.00,0.29,0.06,0.00,0.00,1.73,5.86,0.02,0.00,0.26,0.00,0.00,2.16,0.39,0.14,0.12,0.00,0.47,1.55,0.04,0.76,0.73,0.58,0.06,0.00,0.05,2.48,0.46,0.00,0.01,0.26,0.04,0.04,0.52,0.00,0.00,1.13,0.24,0.12,0.36,0.10,0.02,0.00,0.48,0.01,0.38,0.32,0.00,0.03
4,2,2010-06-10,Indoors,56.35,1.27,0.00,2.86,0.47,1.74,1.09,2.65,0.05,1.20,1.02,0.12,0.00,0.38,0.07,1.47,0.07,0.01,0.05,0.00,0.06,0.02,0.04,2.04,1.68,0.07,0.00,1.60,3.04,0.14,0.00,0.00,0.07,0.58,0.14,0.65,0.08,0.02,0.01,0.00,0.01,0.00,0.12,0.15,0.00,0.00,0.54,0.00,0.47,0.07,0.00,0.53,0.17,0.03,0.00,0.00,0.01,0.00,0.02,0.11,0.26,0.10,0.05,0.00,0.02,0.58,0.53,0.14,0.82,0.44,0.00,1.43,0.05,0.00,0.00,0.00,0.14,0.36,0.00,1.16,0.00,0.00,0.00,0.00,0.00,0.31,0.09,0.11,0.00,0.00,0.22,3.02,0.13,0.05,0.01,0.11,0.01,0.05,0.02,0.08,0.00,0.03,0.13,0.00,0.00,1.07,0.02,0.00,0.03,0.37,0.95,0.01,0.00,0.09,0.00,0.00,0.40,0.15,0.03,0.16,0.00,0.08,0.24,0.03,0.11,0.11,0.10,0.15,0.00,0.00,0.38,0.22,0.00,0.00,1.41,0.01,0.01,0.10,0.05,0.01,11.80,0.05,0.02,0.00,0.00,0.00,0.00,0.25,0.02,0.18,0.27,0.00,0.04
4,3,2010-07-16,Low Traffic,26.27,0.78,0.33,2.21,0.30,2.25,1.03,2.39,0.05,1.26,0.36,0.12,0.00,0.43,0.03,0.68,0.06,0.01,0.07,0.00,0.04,0.02,0.02,0.96,1.47,0.09,0.07,0.55,1.87,0.09,0.01,0.00,0.04,0.32,0.11,0.67,0.05,0.02,0.01,0.00,0.01,0.00,0.05,0.06,0.01,0.00,0.25,0.01,0.21,0.07,0.00,0.23,0.11,0.01,0.00,0.01,0.02,0.01,0.01,0.05,0.11,0.03,0.04,0.00,0.02,0.27,0.45,0.05,0.14,0.07,0.03,0.18,0.07,0.01,0.00,0.04,0.21,0.13,0.01,0.15,0.00,0.01,0.00,0.00,0.00,0.05,0.00,0.00,0.00,0.01,0.04,0.73,0.07,0.02,0.01,0.04,0.01,0.02,0.01,0.01,0.01,0.09,0.07,0.00,0.01,0.08,0.01,0.02,0.01,0.11,0.28,0.02,0.00,0.03,0.01,0.07,0.13,0.06,0.01,0.12,0.01,0.03,0.07,0.03,0.03,0.03,0.03,0.08,0.02,0.00,0.11,0.07,0.01,0.01,0.11,0.01,0.01,0.03,0.03,0.01,0.85,0.02,0.01,0.03,0.00,0.00,0.03,0.15,0.03,0.08,0.24,0.01,0.03
5,1,2010-06-17,Low Traffic,18.91,0.56,0.21,1.39,0.21,0.50,1.17,2.72,0.02,1.22,0.21,0.12,0.00,0.31,0.02,0.37,0.03,0.00,0.05,0.00,0.03,0.02,0.02,0.47,1.71,0.05,0.04,0.24,0.74,0.06,0.00,0.00,0.03,0.27,0.07,0.70,0.02,0.01,0.02,0.00,0.00,0.00,0.03,0.04,0.00,0.00,0.12,0.00,0.12,0.06,0.00,0.13,0.08,0.01,0.00,0.00,0.00,0.00,0.00,0.06,0.06,0.02,0.05,0.00,0.01,0.28,0.55,0.03,0.10,0.06,0.00,0.13,0.06,0.00,0.00,0.00,0.11,0.08,0.00,0.08,0.00,0.00,0.00,0.00,0.00,0.05,0.01,0.02,0.00,0.00,0.04,0.62,0.06,0.01,0.00,0.03,0.00,0.00,0.00,0.00,0.00,0.06,0.05,0.00,0.00,0.04,0.00,0.00,0.00,0.10,0.30,0.01,0.00,0.03,0.00,0.05,0.10,0.05,0.01,0.09,0.00,0.03,0.07,0.03,0.03,0.03,0.03,0.08,0.00,0.00,0.11,0.06,0.00,0.00,0.07,0.00,0.00,0.03,0.01,0.00,0.21,0.01,0.00,0.00,0.00,0.00,0.04,0.11,0.01,0.06,0.25,0.00,0.00
5,2,2010-08-24,High Traffic,102.15,2.07,0.48,1.90,0.85,2.03,0.94,2.57,0.11,1.21,0.70,0.12,0.00,0.72,0.13,1.41,0.19,0.01,0.06,0.01,0.14,0.01,0.05,2.43,1.53,0.16,0.19,1.02,0.29,0.24,0.00,0.00,0.11,0.44,0.35,0.64,0.14,0.05,0.03,0.00,0.01,0.00,0.11,0.17,0.00,0.00,0.75,0.03,0.61,0.12,0.00,0.83,0.17,0.04,0.00,0.03,0.05,0.05,0.02,0.04,0.35,0.10,0.04,0.01,0.05,0.73,0.47,0.09,0.40,0.21,0.02,0.45,0.07,0.00,0.01,0.00,0.21,0.50,0.00,0.35,0.00,0.01,0.00,0.00,0.00,0.15,0.07,0.07,0.00,0.00,0.16,3.31,0.13,0.05,0.01,0.11,0.01,0.04,0.02,0.03,0.00,0.09,0.13,0.00,0.03,0.19,0.02,0.03,0.03,12.16,42.58,0.04,0.00,0.07,0.00,0.15,6.86,0.14,0.07,0.06,0.01,0.16,0.47,0.01,0.23,0.23,0.19,0.03,0.02,0.00,0.83,0.29,0.00,0.01,0.15,0.01,0.01,0.15,0.03,0.01,0.55,0.07,0.03,0.13,0.03,0.01,0.00,0.69,0.01,0.13,0.36,0.00,0.03
5,3,2010-08-26,Indoors,81.97,1.52,0.54,2.08,0.64,1.23,2.17,2.51,0.10,1.30,1.43,0.11,0.01,0.61,0.10,1.23,0.15,0.01,0.06,0.01,0.09,0.01,0.05,2.59,1.43,0.09,0.23,1.79,4.67,0.21,0.01,0.00,0.09,0.37,0.29,0.57,0.11,0.04,0.01,0.00,0.01,0.00,0.11,0.17,0.01,0.00,0.59,0.01,0.47,0.07,0.00,0.71,0.28,0.04,0.00,0.00,0.08,0.04,0.04,0.15,0.34,0.12,0.04,0.03,0.04,0.63,0.45,0.47,0.70,0.32,0.03,0.95,0.07,0.00,0.02,0.00,1.09,0.30,0.00,0.84,0.00,0.01,0.00,0.00,0.00,0.49,0.10,0.11,0.00,0.00,0.15,3.40,0.18,0.07,0.01,0.16,0.01,0.11,0.05,0.05,0.00,0.03,0.24,0.03,0.09,0.30,0.04,0.05,0.05,0.62,1.77,0.02,0.10,0.25,0.00,0.00,0.73,0.21,0.04,0.42,0.03,0.10,0.28,0.13,0.13,0.14,0.12,0.51,0.01,0.00,0.48,0.31,0.00,0.00,6.49,0.01,0.02,0.13,0.11,0.01,24.04,0.15,0.03,0.00,0.00,0.00,0.00,0.30,0.01,0.23,0.55,0.00,0.07
6,1,2010-05-19,Low Traffic,35.62,1.14,0.00,3.11,0.42,3.94,1.04,2.84,0.05,1.30,0.88,0.13,0.00,0.52,0.04,1.61,0.08,0.02,0.07,0.00,0.07,0.02,0.03,1.84,1.65,0.07,0.07,0.91,0.24,0.07,0.00,0.00,0.03,0.62,0.09,0.78,0.08,0.02,0.03,0.00,0.00,0.00,0.08,0.11,0.00,0.00,0.42,0.00,0.35,0.06,0.00,0.40,0.14,0.02,0.00,0.00,0.00,0.00,0.02,0.07,0.18,0.07,0.05,0.00,0.02,0.55,0.51,0.07,0.28,0.17,0.00,0.34,0.07,0.00,0.00,0.00,0.44,0.23,0.00,0.22,0.00,0.00,0.00,0.00,0.00,0.09,0.03,0.04,0.00,0.00,0.07,1.86,0.10,0.03,0.01,0.07,0.01,0.03,0.01,0.02,0.00,0.06,0.09,0.00,0.02,0.21,0.01,0.00,0.04,0.28,0.71,0.02,0.00,0.04,0.00,0.05,0.28,0.11,0.03,0.11,0.00,0.07,0.19,0.02,0.10,0.09,0.08,0.07,0.00,0.00,0.28,0.15,0.00,0.01,0.18,0.01,0.01,0.08,0.03,0.00,0.30,0.04,0.02,0.07,0.00,0.00,0.02,0.22,0.02,0.14,0.32,0.00,0.03
6,2,2010-05-25,High Traffic,77.12,3.21,1.00,3.82,1.26,4.67,9.74,2.63,0.14,1.31,1.77,0.12,0.00,0.99,0.18,3.53,0.31,0.02,0.06,0.00,0.25,0.02,0.10,4.88,1.63,0.17,0.31,2.61,0.87,0.43,0.00,0.00,0.20,0.45,0.57,0.71,0.20,0.08,0.12,0.00,0.00,0.00,0.23,0.32,0.00,0.00,1.15,0.04,0.93,0.14,0.00,0.89,0.16,0.07,0.00,0.04,0.04,0.11,0.05,0.07,0.47,0.21,0.05,0.03,0.08,1.28,0.52,0.18,0.68,0.50,0.00,0.78,0.08,0.00,0.00,0.00,0.37,0.60,0.00,0.54,0.12,0.00,0.00,0.00,0.00,0.34,0.10,0.11,0.00,0.00,0.21,5.37,0.27,0.09,0.02,0.21,0.01,0.11,0.05,0.05,0.00,0.08,0.30,0.00,0.00,0.31,0.00,0.00,0.00,0.59,1.73,0.02,0.00,0.12,0.00,0.09,0.68,0.47,0.05,0.13,0.00,0.15,0.44,0.06,0.19,0.24,0.18,0.00,0.00,0.05,0.74,0.64,0.00,0.01,0.43,0.02,0.02,0.18,0.08,0.01,0.75,0.07,0.00,0.00,0.00,0.00,0.00,0.89,0.04,0.31,0.96,0.00,0.07
6,3,2010-07-29,Indoors,41.08,1.27,0.00,2.20,0.53,1.11,3.39,2.71,0.08,1.32,0.52,0.12,0.00,0.47,0.07,1.39,0.13,0.01,0.07,0.00,0.09,0.02,0.03,1.99,1.57,0.00,0.19,0.00,3.05,0.23,0.01,0.00,0.11,0.47,0.31,0.67,0.15,0.04,0.01,0.00,0.01,0.00,0.10,0.17,0.01,0.00,0.66,0.02,0.47,0.09,0.00,0.55,0.17,0.04,0.00,0.02,0.05,0.05,0.02,0.05,0.33,0.12,0.04,0.02,0.05,0.61,0.51,0.27,0.41,0.28,0.02,0.57,0.06,0.00,0.01,0.00,0.11,0.33,0.03,0.39,0.00,0.01,0.00,0.00,0.00,0.22,0.06,0.09,0.00,0.00,0.10,2.03,0.11,0.04,0.01,0.10,0.01,0.04,0.02,0.03,0.01,0.04,0.12,0.00,0.03,0.16,0.02,0.03,0.01,0.29,0.79,0.01,0.07,0.11,0.00,0.04,0.37,0.16,0.03,0.13,0.01,0.09,0.27,0.08,0.13,0.13,0.11,0.13,0.01,0.00,0.44,0.24,0.00,0.00,1.05,0.01,0.01,0.09,0.04,0.01,1.27,0.05,0.02,0.06,0.02,0.01,0.00,0.22,0.01,0.13,0.17,0.01,0.03
7,1,2010-05-19,High Traffic,56.02,2.21,0.51,3.42,0.99,3.42,1.26,2.90,0.11,1.36,1.91,0.14,0.00,0.94,0.15,3.88,0.28,0.03,0.07,0.00,0.21,0.03,0.08,4.57,1.67,0.15,0.23,2.46,0.33,0.32,0.01,0.00,0.14,0.58,0.41,0.74,0.17,0.06,0.03,0.00,0.02,0.00,0.20,0.26,0.00,0.00,0.99,0.03,0.75,0.13,0.00,0.75,0.14,0.06,0.00,0.04,0.03,0.09,0.03,0.08,0.37,0.16,0.05,0.00,0.06,1.13,0.52,0.12,0.49,0.36,0.00,0.56,0.07,0.00,0.00,0.00,0.45,0.53,0.00,0.34,0.00,0.00,0.00,0.00,0.00,0.15,0.07,0.09,0.00,0.00,0.18,3.40,0.14,0.06,0.01,0.14,0.01,0.05,0.02,0.05,0.00,0.07,0.16,0.00,0.00,0.25,0.02,0.00,0.00,0.51,1.50,0.02,0.00,0.08,0.00,0.00,0.51,0.14,0.04,0.09,0.00,0.12,0.33,0.02,0.16,0.15,0.14,0.00,0.02,0.03,0.49,0.21,0.00,0.01,0.22,0.01,0.02,0.12,0.04,0.01,0.43,0.06,0.03,0.10,0.03,0.01,0.01,0.30,0.02,0.21,0.34,0.01,0.03
7,2,2010-06-22,Low Traffic,21.01,0.69,0.30,1.65,0.25,0.69,1.21,2.27,0.05,1.03,0.31,0.10,0.00,0.25,0.04,0.62,0.05,0.01,0.06,0.00,0.04,0.01,0.01,0.65,1.30,0.05,0.05,0.38,0.73,0.07,0.01,0.00,0.03,0.44,0.08,0.68,0.04,0.01,0.01,0.00,0.00,0.00,0.03,0.05,0.00,0.00,0.20,0.01,0.17,0.05,0.00,0.21,0.09,0.01,0.00,0.01,0.02,0.01,0.01,0.05,0.09,0.03,0.03,0.01,0.01,0.25,0.39,0.03,0.13,0.07,0.00,0.17,0.05,0.00,0.00,0.00,0.13,0.08,0.01,0.11,0.00,0.01,0.00,0.00,0.00,0.06,0.01,0.02,0.00,0.00,0.03,1.10,0.06,0.01,0.01,0.03,0.00,0.02,0.01,0.01,0.00,0.05,0.05,0.00,0.01,0.12,0.01,0.02,0.03,0.09,0.25,0.01,0.00,0.03,0.00,0.03,0.11,0.07,0.02,0.09,0.01,0.03,0.07,0.02,0.04,0.03,0.03,0.04,0.01,0.00,0.13,0.12,0.00,0.00,0.07,0.00,0.01,0.03,0.05,0.00,0.59,0.01,0.01,0.04,0.01,0.00,0.01,0.19,0.01,0.06,0.33,0.00,0.01
7,3,2010-08-20,Indoors,64.54,2.09,0.72,2.30,0.73,2.19,1.27,2.49,0.11,1.21,2.79,0.11,0.00,0.65,0.13,1.80,0.23,0.01,0.06,0.00,0.16,0.01,0.09,4.13,1.50,0.17,0.44,2.41,2.07,0.47,0.01,0.00,0.21,2.23,0.65,0.59,0.23,0.07,0.06,0.00,0.03,0.00,0.21,0.33,0.01,0.00,1.40,0.05,1.09,0.15,0.00,1.59,0.19,0.08,0.00,0.05,0.11,0.11,0.04,0.06,0.77,0.19,0.04,0.02,0.09,0.90,0.45,0.31,0.81,0.42,0.03,0.95,0.06,0.00,0.00,0.00,0.14,0.81,0.03,0.59,0.00,0.02,0.00,0.00,0.00,0.31,0.11,0.14,0.00,0.00,0.25,3.90,0.20,0.09,0.01,0.20,0.01,0.05,0.03,0.05,0.01,0.07,0.17,0.00,0.04,0.32,0.03,0.03,0.03,0.51,1.41,0.02,0.00,0.11,0.00,0.06,0.61,0.12,0.05,0.12,0.01,0.17,0.55,0.06,0.28,0.25,0.22,0.13,0.01,0.00,0.91,0.17,0.00,0.00,2.16,0.01,0.02,0.16,0.05,0.01,2.84,0.10,0.03,0.11,0.03,0.01,0.00,0.19,0.03,0.15,0.23,0.01,0.03
8,1,2010-08-11,Low Traffic,32.32,1.01,0.00,1.57,0.43,0.78,1.21,2.65,0.07,1.23,0.35,0.13,0.00,0.37,0.06,0.65,0.10,0.01,0.07,0.00,0.07,0.01,0.03,1.07,1.59,0.07,0.11,0.56,1.95,0.15,0.00,0.00,0.07,0.30,0.20,0.70,0.07,0.03,0.01,0.00,0.00,0.00,0.06,0.09,0.00,0.00,0.35,0.01,0.27,0.07,0.00,0.24,0.11,0.03,0.00,0.02,0.03,0.03,0.01,0.05,0.14,0.05,0.04,0.00,0.03,0.38,0.49,0.07,0.21,0.12,0.00,0.25,0.06,0.00,0.00,0.00,0.14,0.24,0.01,0.16,0.00,0.01,0.00,0.00,0.00,0.05,0.03,0.03,0.00,0.00,0.08,1.21,0.07,0.02,0.01,0.05,0.01,0.02,0.01,0.02,0.00,0.03,0.06,0.00,0.01,0.09,0.01,0.02,0.03,1.09,3.45,0.01,0.00,0.04,0.00,0.03,0.64,0.05,0.03,0.17,0.00,0.08,0.23,0.12,0.11,0.10,0.09,0.17,0.01,0.00,0.37,0.11,0.00,0.00,0.20,0.01,0.01,0.07,0.03,0.00,0.99,0.04,0.02,0.06,0.01,0.01,0.02,0.19,0.01,0.10,0.28,0.01,0.03
8,2,2010-08-17,High Traffic,42.35,1.50,0.44,2.81,0.61,1.95,1.21,2.73,0.09,1.13,0.82,0.11,0.00,0.58,0.11,1.62,0.19,0.01,0.06,0.01,0.15,0.01,0.05,2.95,1.42,0.16,0.25,1.29,0.40,0.37,0.00,0.00,0.17,0.79,0.49,0.59,0.17,0.05,0.10,0.00,0.02,0.00,0.14,0.21,0.01,0.00,0.88,0.04,0.68,0.13,0.00,0.84,0.15,0.06,0.00,0.03,0.08,0.07,0.02,0.05,0.40,0.11,0.03,0.00,0.07,0.72,0.43,0.14,0.46,0.25,0.03,0.53,0.07,0.00,0.01,0.00,0.24,0.45,0.02,0.36,0.00,0.01,0.00,0.00,0.00,0.15,0.06,0.07,0.00,0.00,0.13,2.31,0.13,0.05,0.01,0.13,0.01,0.04,0.02,0.03,0.01,0.05,0.13,0.00,0.03,0.23,0.02,0.03,0.01,0.31,0.95,0.02,0.00,0.12,0.00,0.05,0.38,0.11,0.03,0.07,0.01,0.11,0.33,0.03,0.16,0.15,0.13,0.05,0.02,0.00,0.54,0.16,0.00,0.01,0.16,0.01,0.01,0.11,0.04,0.01,0.63,0.05,0.03,0.08,0.03,0.01,0.03,0.21,0.01,0.13,0.24,0.01,0.02
8,3,2010-09-01,Indoors,99.07,2.35,0.00,4.00,0.73,2.46,2.87,2.47,0.11,1.39,1.77,0.11,0.01,0.79,0.13,2.72,0.23,0.03,0.07,0.01,0.15,0.02,0.10,5.31,1.46,0.15,0.40,3.36,4.46,0.38,0.01,0.00,0.17,0.44,0.45,0.56,0.22,0.05,0.01,0.00,0.01,0.00,0.23,0.32,0.01,0.00,1.17,0.03,0.85,0.13,0.00,1.00,0.34,0.05,0.00,0.03,0.12,0.06,0.05,0.16,0.49,0.21,0.05,0.03,0.05,0.95,0.45,0.48,1.04,0.57,0.04,1.46,0.07,0.00,0.00,0.00,1.93,0.64,0.00,1.29,0.00,0.01,0.00,0.00,0.00,0.54,0.13,0.15,0.00,0.00,0.26,4.85,0.25,0.10,0.01,0.23,0.01,0.17,0.06,0.08,0.00,0.05,0.33,0.05,0.14,0.33,0.06,0.06,0.04,0.95,2.94,0.02,0.00,0.31,0.00,0.00,1.17,0.49,0.06,0.42,0.05,0.15,0.41,0.05,0.20,0.21,0.19,0.67,0.02,0.00,0.77,0.73,0.00,0.00,3.38,0.02,0.04,0.20,0.13,0.01,19.99,0.17,0.05,0.20,0.05,0.00,0.00,0.91,0.01,0.37,1.48,0.01,0.09
9,1,2010-05-26,High Traffic,86.43,2.76,0.78,3.51,1.21,3.08,1.71,2.62,0.14,1.35,3.47,0.12,0.00,1.22,0.18,6.31,0.51,0.03,0.06,0.00,0.37,0.04,0.15,7.65,1.61,0.28,0.50,4.29,3.75,0.72,0.00,0.00,0.32,0.41,0.88,0.76,0.32,0.11,0.05,0.00,0.00,0.00,0.36,0.47,0.00,0.00,1.92,0.07,1.38,0.00,0.00,1.27,0.22,0.11,0.00,0.00,0.06,0.28,0.05,0.07,0.68,0.29,0.05,0.11,0.10,1.48,0.52,0.21,0.83,0.60,0.00,1.01,0.07,0.00,0.00,0.00,0.53,0.83,0.00,0.53,0.12,0.00,0.00,0.00,0.00,0.25,0.12,0.14,0.00,0.00,0.27,5.46,0.00,0.10,0.02,0.21,0.01,0.08,0.03,0.07,0.00,0.16,0.25,0.00,0.00,0.27,0.00,0.00,0.09,1.12,3.56,0.01,0.00,0.14,0.00,0.00,1.27,0.28,0.07,0.28,0.00,0.20,0.57,0.21,0.28,0.26,0.23,0.28,0.00,0.07,0.91,0.38,0.00,0.00,0.51,0.02,0.02,0.21,0.08,0.00,0.42,0.09,0.05,0.00,0.00,0.01,0.06,0.64,0.01,0.33,0.79,0.00,0.07
9,2,2010-06-11,Low Traffic,30.20,0.81,0.00,4.44,0.31,1.40,1.17,3.33,0.04,1.19,0.42,0.12,0.00,0.32,0.05,0.65,0.05,0.01,0.05,0.00,0.05,0.02,0.02,1.01,1.70,0.07,0.06,0.96,0.47,0.08,0.00,0.00,0.04,1.33,0.10,0.70,0.06,0.02,0.01,0.00,0.00,0.00,0.05,0.07,0.00,0.00,0.31,0.00,0.29,0.06,0.00,0.45,0.13,0.02,0.00,0.01,0.01,0.02,0.01,0.07,0.17,0.04,0.05,0.00,0.02,0.37,0.52,0.13,0.18,0.10,0.00,0.21,0.04,0.00,0.00,0.00,0.10,0.15,0.00,0.13,0.00,0.00,0.00,0.00,0.00,0.07,0.02,0.03,0.00,0.00,0.06,1.32,0.07,0.02,0.01,0.05,0.00,0.02,0.01,0.01,0.00,0.04,0.06,0.00,0.00,0.12,0.00,0.00,0.00,0.20,0.54,0.01,0.00,0.06,0.00,0.04,0.21,0.06,0.02,0.07,0.00,0.05,0.13,0.06,0.06,0.06,0.05,0.03,0.00,0.04,0.20,0.10,0.00,0.00,0.46,0.00,0.01,0.05,0.02,0.00,0.46,0.02,0.01,0.00,0.00,0.00,0.02,0.15,0.01,0.08,0.20,0.00,0.02
9,3,2010-06-23,Indoors,21.61,0.65,0.32,1.77,0.25,0.96,2.58,2.29,0.03,1.06,0.39,0.10,0.00,0.26,0.03,0.50,0.04,0.01,0.06,0.00,0.03,0.01,0.01,0.64,1.32,0.06,0.05,0.39,0.67,0.06,0.01,0.00,0.03,0.24,0.07,0.70,0.04,0.01,0.01,0.00,0.01,0.00,0.03,0.04,0.00,0.00,0.19,0.00,0.16,0.06,0.00,0.18,0.10,0.01,0.00,0.01,0.01,0.01,0.01,0.05,0.08,0.03,0.03,0.00,0.01,0.26,0.40,0.03,0.11,0.06,0.02,0.13,0.06,0.00,0.01,0.02,0.17,0.08,0.00,0.10,0.00,0.01,0.00,0.00,0.00,0.04,0.01,0.01,0.00,0.00,0.03,0.61,0.05,0.01,0.01,0.03,0.00,0.01,0.01,0.01,0.00,0.06,0.06,0.00,0.01,0.04,0.01,0.01,0.05,0.08,0.19,0.01,0.00,0.02,0.00,0.03,0.10,0.04,0.01,0.07,0.00,0.02,0.06,0.01,0.03,0.03,0.02,0.00,0.01,0.00,0.10,0.06,0.00,0.00,0.07,0.00,0.00,0.02,0.01,0.00,0.86,0.01,0.01,0.04,0.00,0.00,0.02,0.12,0.01,0.06,0.21,0.00,0.01
10,1,2010-05-25,Low Traffic,33.08,0.61,0.16,2.57,0.24,1.98,0.95,2.60,0.03,1.31,0.58,0.12,0.00,0.28,0.03,1.09,0.06,0.01,0.06,0.00,0.05,0.02,0.03,1.49,1.63,0.07,0.07,0.59,2.51,0.09,0.00,0.00,0.04,0.33,0.11,0.75,0.06,0.01,0.01,0.00,0.00,0.00,0.06,0.09,0.00,0.00,0.30,0.00,0.28,0.06,0.00,0.31,0.14,0.02,0.00,0.00,0.00,0.00,0.02,0.07,0.14,0.06,0.05,0.00,0.02,0.31,0.52,0.08,0.24,0.15,0.00,0.26,0.07,0.00,0.00,0.00,0.12,0.17,0.00,0.24,0.00,0.00,0.03,0.00,0.00,0.18,0.03,0.04,0.00,0.00,0.07,1.31,0.13,0.04,0.00,0.09,0.01,0.08,0.03,0.02,0.00,0.05,0.22,0.00,0.00,0.12,0.02,0.00,0.00,0.18,0.54,0.02,0.00,0.05,0.00,0.07,0.22,0.54,0.02,0.17,0.00,0.06,0.16,0.08,0.07,0.14,0.07,0.17,0.00,0.07,0.34,0.73,0.00,0.01,0.46,0.01,0.01,0.09,0.05,0.00,0.56,0.03,0.02,0.00,0.00,0.00,0.00,0.75,0.02,0.16,0.39,0.00,0.05
10,2,2010-06-04,High Traffic,47.90,1.44,0.00,2.43,0.68,4.14,0.97,2.68,0.07,1.20,1.40,0.12,0.00,0.61,0.12,2.63,0.25,0.02,0.05,0.00,0.19,0.02,0.07,3.82,1.67,0.15,0.21,1.98,0.42,0.34,0.00,0.00,0.15,0.34,0.39,0.73,0.14,0.05,0.02,0.00,0.00,0.00,0.15,0.22,0.00,0.00,0.85,0.00,0.70,0.12,0.00,0.66,0.15,0.05,0.00,0.03,0.03,0.07,0.03,0.07,0.34,0.13,0.05,0.00,0.05,0.82,0.55,0.10,0.45,0.29,0.00,0.54,0.05,0.00,0.00,0.00,0.54,0.32,0.00,0.33,0.00,0.00,0.00,0.00,0.00,0.15,0.05,0.07,0.00,0.00,0.11,3.11,0.13,0.05,0.01,0.12,0.00,0.06,0.02,0.03,0.00,0.07,0.16,0.00,0.00,0.10,0.00,0.00,0.00,0.39,1.23,0.01,0.00,0.07,0.00,0.00,0.44,0.19,0.04,0.07,0.00,0.10,0.30,0.04,0.15,0.15,0.13,0.00,0.00,0.00,0.50,0.26,0.00,0.00,0.33,0.01,0.02,0.12,0.03,0.00,0.54,0.05,0.03,0.10,0.03,0.00,0.02,0.43,0.01,0.18,0.51,0.00,0.03
10,3,2010-08-19,Indoors,107.88,2.58,1.27,2.60,0.83,6.02,2.67,2.47,0.12,1.35,6.92,0.11,0.01,1.00,0.13,4.21,0.45,0.03,0.06,0.00,0.31,0.02,0.14,8.70,1.47,0.25,0.66,3.41,4.66,0.69,0.01,0.00,0.31,0.45,0.79,0.57,0.35,0.08,0.02,0.00,0.03,0.00,0.37,0.45,0.01,0.00,1.79,0.07,1.25,0.18,0.00,1.29,0.67,0.10,0.00,0.05,0.13,0.10,0.05,0.13,0.74,0.23,0.05,0.05,0.09,1.06,0.45,0.60,1.43,0.69,0.00,1.89,0.06,0.00,0.05,0.00,1.00,0.76,0.02,1.10,0.00,0.02,0.00,0.00,0.00,0.53,0.15,0.18,0.00,0.00,0.21,5.65,0.28,0.11,0.01,0.25,0.01,0.10,0.04,0.06,0.00,0.06,0.25,0.00,0.07,0.70,0.04,0.04,0.03,0.66,1.87,0.01,0.00,0.22,0.00,0.06,0.85,0.19,0.05,0.45,0.03,0.17,0.51,0.07,0.25,0.23,0.21,1.21,0.02,0.00,0.87,0.31,0.00,0.00,6.27,0.01,0.02,0.18,0.19,0.01,10.23,0.11,0.04,0.13,0.03,0.01,0.02,0.33,0.01,0.19,0.38,0.01,0.05
11,1,2010-05-17,High Traffic,52.95,1.72,0.00,3.73,0.84,5.50,5.21,2.97,0.09,1.42,1.81,0.14,0.00,0.76,0.14,3.39,0.23,0.00,0.06,0.01,0.18,0.03,0.06,3.12,1.69,0.13,0.17,2.35,0.33,0.23,0.00,0.00,0.10,0.62,0.29,0.76,0.13,0.04,0.03,0.00,0.00,0.00,0.14,0.17,0.00,0.00,0.68,0.00,0.51,0.10,0.00,0.55,0.13,0.04,0.00,0.02,0.02,0.04,0.00,0.08,0.26,0.09,0.05,0.00,0.04,0.94,0.49,0.10,0.35,0.20,0.00,0.39,0.07,0.00,0.00,0.00,0.36,0.27,0.00,0.28,0.07,0.00,0.00,0.00,0.00,0.13,0.05,0.05,0.00,0.00,0.09,2.78,0.11,0.04,0.01,0.10,0.01,0.04,0.02,0.03,0.00,0.08,0.15,0.00,0.00,0.35,0.00,0.00,0.00,0.29,0.84,0.02,0.00,0.05,0.00,0.00,0.31,0.12,0.04,0.06,0.00,0.07,0.20,0.06,0.10,0.09,0.08,0.02,0.00,0.00,0.28,0.16,0.00,0.01,0.28,0.01,0.01,0.07,0.02,0.01,0.24,0.04,0.02,0.06,0.00,0.01,0.00,0.21,0.04,0.14,0.20,0.00,0.02
11,2,2010-07-13,Indoors,82.00,1.38,0.53,3.04,0.51,2.81,2.59,2.79,0.07,1.50,1.19,0.13,0.03,0.58,0.08,1.73,0.11,0.03,0.08,0.01,0.07,0.02,0.05,3.85,1.67,0.10,0.00,3.97,6.97,0.18,0.01,0.00,0.00,1.17,0.20,0.75,0.19,0.03,0.02,0.00,0.01,0.00,0.17,0.19,0.00,0.00,0.85,0.01,0.57,0.08,0.00,0.78,0.35,0.03,0.00,0.00,0.09,0.03,0.05,0.45,0.44,0.15,0.05,0.03,0.03,0.57,0.47,0.72,0.79,0.33,0.03,1.07,0.05,0.00,0.00,0.00,4.30,0.25,0.00,0.95,0.00,0.01,0.00,0.00,0.00,0.45,0.09,0.11,0.00,0.00,0.09,2.72,0.19,0.08,0.01,0.17,0.01,0.18,0.06,0.03,0.01,0.07,0.26,0.07,0.18,0.56,0.07,0.07,0.03,0.62,1.84,0.01,0.00,0.32,0.00,0.00,1.04,0.25,0.06,0.55,0.03,0.09,0.22,0.10,0.11,0.11,0.10,1.37,0.03,0.00,0.45,0.46,0.00,0.01,0.43,0.01,0.02,0.13,0.17,0.01,13.91,0.14,0.03,0.11,0.03,0.00,0.03,0.67,0.01,0.27,0.41,0.00,0.03
11,3,2010-08-30,Low Traffic,25.87,0.89,0.30,2.29,0.25,1.58,1.34,2.71,0.05,1.22,0.45,0.12,0.00,0.29,0.03,0.95,0.05,0.01,0.07,0.00,0.03,0.01,0.01,1.15,1.59,0.05,0.06,0.57,1.19,0.07,0.00,0.00,0.03,0.28,0.09,0.62,0.06,0.01,0.02,0.00,0.00,0.00,0.05,0.07,0.00,0.00,0.28,0.00,0.24,0.04,0.00,0.27,0.15,0.01,0.00,0.01,0.01,0.01,0.01,0.05,0.11,0.05,0.04,0.00,0.01,0.29,0.48,0.05,0.16,0.11,0.00,0.19,0.07,0.00,0.00,0.00,0.16,0.18,0.01,0.13,0.00,0.00,0.00,0.00,0.00,0.05,0.02,0.03,0.00,0.00,0.06,0.91,0.05,0.01,0.01,0.03,0.01,0.02,0.01,0.01,0.00,0.03,0.05,0.00,0.01,0.07,0.01,0.02,0.04,0.16,0.38,0.02,0.00,0.03,0.00,0.03,0.16,0.05,0.01,0.10,0.01,0.03,0.07,0.03,0.03,0.03,0.03,0.00,0.01,0.00,0.13,0.07,0.00,0.00,0.11,0.00,0.01,0.03,0.02,0.00,0.55,0.02,0.01,0.03,0.01,0.00,0.02,0.15,0.01,0.07,0.24,0.01,0.02
12,1,2010-05-17,Low Traffic,34.02,0.82,0.00,2.88,0.37,3.59,1.05,2.86,0.05,1.35,1.46,0.13,0.00,0.54,0.06,2.96,0.17,0.02,0.06,0.00,0.13,0.02,0.04,2.26,1.61,0.10,0.11,1.05,0.23,0.15,0.00,0.00,0.07,0.43,0.18,0.74,0.07,0.02,0.02,0.00,0.00,0.00,0.08,0.10,0.00,0.00,0.40,0.00,0.30,0.08,0.00,0.34,0.12,0.02,0.00,0.00,0.00,0.03,0.00,0.07,0.15,0.05,0.05,0.00,0.02,0.38,0.48,0.05,0.18,0.10,0.00,0.20,0.07,0.00,0.00,0.00,0.12,0.13,0.00,0.14,0.00,0.00,0.00,0.00,0.00,0.07,0.02,0.03,0.00,0.00,0.04,1.52,0.06,0.02,0.01,0.04,0.01,0.02,0.01,0.01,0.00,0.07,0.08,0.00,0.00,0.19,0.01,0.00,0.00,0.15,0.39,0.02,0.00,0.03,0.00,0.04,0.15,0.07,0.02,0.05,0.00,0.04,0.09,0.05,0.05,0.04,0.04,0.02,0.00,0.00,0.13,0.09,0.00,0.01,0.33,0.01,0.01,0.04,0.02,0.01,0.22,0.02,0.00,0.03,0.01,0.00,0.01,0.13,0.02,0.08,0.12,0.00,0.02
12,2,2010-07-13,Indoors,81.37,1.32,0.53,2.99,0.52,2.89,2.65,2.84,0.08,1.54,1.21,0.13,0.03,0.65,0.08,1.78,0.11,0.03,0.08,0.00,0.08,0.02,0.05,3.80,1.71,0.13,0.00,3.29,7.06,0.18,0.01,0.00,0.09,1.17,0.21,0.76,0.19,0.03,0.03,0.00,0.01,0.00,0.17,0.19,0.00,0.00,0.85,0.02,0.58,0.09,0.00,0.79,0.35,0.03,0.00,0.00,0.08,0.03,0.05,0.45,0.45,0.15,0.05,0.03,0.03,0.57,0.47,0.73,0.77,0.32,0.02,1.07,0.05,0.02,0.00,0.00,4.27,0.25,0.00,0.93,0.00,0.01,0.00,0.00,0.00,0.45,0.08,0.11,0.00,0.00,0.09,2.60,0.19,0.08,0.01,0.17,0.01,0.18,0.06,0.03,0.01,0.09,0.27,0.07,0.18,0.54,0.07,0.07,0.02,0.62,1.83,0.01,0.00,0.31,0.00,0.00,1.04,0.25,0.06,0.57,0.03,0.09,0.22,0.11,0.11,0.11,0.10,1.40,0.03,0.00,0.45,0.49,0.00,0.01,0.42,0.01,0.02,0.13,0.00,0.01,13.93,0.09,0.03,0.00,0.00,0.00,0.03,0.69,0.01,0.23,0.41,0.00,0.03
12,3,2010-08-30,High Traffic,79.43,5.73,0.00,4.44,2.07,3.11,1.11,2.66,0.35,1.21,1.43,0.12,0.00,1.52,0.44,3.25,0.49,0.02,0.07,0.01,0.29,0.02,0.10,5.88,1.54,0.22,0.42,2.24,0.66,0.55,0.00,0.00,0.25,0.67,0.79,0.59,0.29,0.09,0.03,0.00,0.03,0.00,0.22,0.35,0.00,0.00,1.43,0.05,1.12,0.17,0.00,1.23,0.17,0.09,0.00,0.05,0.11,0.11,0.03,0.05,0.61,0.23,0.04,0.01,0.10,1.53,0.46,0.21,0.75,0.54,0.04,0.83,0.07,0.00,0.00,0.00,0.28,0.91,0.03,0.61,0.00,0.03,0.00,0.00,0.00,0.30,0.11,0.13,0.00,0.00,0.26,5.64,0.25,0.10,0.02,0.25,0.01,0.10,0.05,0.07,0.01,0.07,0.31,0.00,0.07,0.25,0.04,0.04,0.03,0.89,2.73,0.03,0.00,0.19,0.00,0.17,1.05,0.31,0.10,0.08,0.02,0.41,1.59,0.05,0.77,0.74,0.63,0.05,0.01,0.00,2.73,0.32,0.00,0.01,0.17,0.03,0.03,0.39,0.05,0.01,0.73,0.17,0.07,0.24,0.06,0.02,0.02,0.46,0.03,0.27,0.50,0.01,0.03
14,1,2010-07-22,Low Traffic,21.25,0.52,0.22,1.30,0.21,0.87,2.51,2.69,0.03,1.22,0.20,0.13,0.00,0.22,0.02,0.39,0.03,0.01,0.07,0.00,0.03,0.02,0.01,0.42,1.57,0.05,0.04,0.23,1.91,0.05,0.01,0.00,0.03,0.23,0.07,0.68,0.03,0.01,0.01,0.00,0.00,0.00,0.03,0.03,0.00,0.00,0.12,0.00,0.10,0.04,0.00,0.12,0.11,0.01,0.00,0.01,0.01,0.01,0.01,0.05,0.06,0.03,0.03,0.00,0.01,0.17,0.46,0.03,0.07,0.05,0.00,0.08,0.06,0.00,0.00,0.00,0.12,0.08,0.01,0.07,0.00,0.00,0.00,0.00,0.00,0.03,0.01,0.01,0.00,0.00,0.02,0.33,0.03,0.01,0.00,0.02,0.00,0.01,0.01,0.01,0.00,0.03,0.03,0.00,0.01,0.05,0.01,0.02,0.03,0.14,0.41,0.01,0.00,0.01,0.00,0.02,0.13,0.03,0.01,0.13,0.00,0.02,0.07,0.11,0.03,0.03,0.03,0.17,0.01,0.00,0.13,0.05,0.00,0.01,0.04,0.00,0.00,0.03,0.02,0.00,0.55,0.01,0.01,0.02,0.00,0.00,0.02,0.09,0.01,0.06,0.18,0.00,0.03
14,2,2010-07-28,Indoors,84.03,1.48,0.00,2.66,0.61,1.67,5.73,2.85,0.09,1.56,1.79,0.14,0.02,0.79,0.11,2.17,0.25,0.02,0.08,0.01,0.17,0.03,0.08,4.93,1.65,0.19,0.34,3.49,5.27,0.41,0.01,0.00,0.18,0.99,0.52,0.66,0.27,0.07,0.05,0.00,0.02,0.00,0.22,0.33,0.01,0.00,1.31,0.04,0.85,0.15,0.00,1.02,0.54,0.07,0.00,0.03,0.15,0.08,0.06,0.21,0.61,0.23,0.05,0.04,0.07,0.84,0.49,0.79,0.80,0.45,0.03,0.99,0.07,0.00,0.00,0.00,2.20,0.52,0.02,0.97,0.00,0.01,0.00,0.00,0.00,0.55,0.13,0.15,0.00,0.00,0.24,4.05,0.27,0.11,0.01,0.25,0.01,0.15,0.05,0.10,0.01,0.09,0.31,0.06,0.14,0.87,0.06,0.06,0.01,0.70,2.05,0.02,0.11,0.38,0.00,0.07,0.95,0.30,0.05,0.39,0.05,0.11,0.32,0.07,0.15,0.17,0.14,0.22,0.03,0.00,0.59,0.57,0.00,0.00,4.77,0.01,0.03,0.17,0.14,0.01,6.43,0.09,0.03,0.13,0.04,0.02,0.04,0.63,0.03,0.27,0.43,0.01,0.07
14,3,2010-08-18,High Traffic,47.53,1.93,0.00,2.33,0.75,1.35,1.63,2.47,0.09,1.15,1.28,0.11,0.00,0.81,0.13,2.21,0.31,0.01,0.06,0.00,0.22,0.01,0.07,3.63,1.47,0.23,0.29,1.48,0.29,0.41,0.00,0.00,0.19,0.61,0.56,0.63,0.17,0.06,0.04,0.00,0.02,0.00,0.14,0.21,0.00,0.00,0.83,0.03,0.60,0.17,0.00,0.65,0.13,0.05,0.00,0.03,0.07,0.07,0.02,0.04,0.31,0.09,0.05,0.01,0.06,0.76,0.45,0.10,0.68,0.32,0.03,1.15,0.06,0.01,0.00,0.00,0.12,0.40,0.02,1.45,0.00,0.01,0.00,0.00,0.00,0.21,0.07,0.08,0.00,0.00,0.11,4.65,0.10,0.05,0.01,0.11,0.01,0.03,0.02,0.03,0.00,0.09,0.18,0.00,0.03,0.11,0.01,0.02,0.01,0.34,1.01,0.02,0.00,0.06,0.00,0.06,0.37,0.16,0.05,0.05,0.01,0.09,0.26,0.02,0.13,0.12,0.14,0.04,0.03,0.00,0.42,0.21,0.00,0.01,0.15,0.01,0.01,0.10,0.03,0.01,0.72,0.05,0.00,0.00,0.03,0.00,0.04,0.28,0.01,0.13,0.29,0.01,0.01
15,1,2010-08-20,High Traffic,60.86,2.81,0.72,2.27,1.16,2.03,1.09,2.53,0.11,1.17,1.15,0.11,0.00,0.99,0.16,2.31,0.36,0.01,0.06,0.00,0.26,0.01,0.09,5.10,1.50,0.33,0.42,2.09,0.31,0.59,0.00,0.00,0.27,1.49,0.87,0.60,0.27,0.10,0.02,0.00,0.03,0.00,0.25,0.36,0.01,0.00,1.61,0.08,1.16,0.27,0.00,1.25,0.13,0.11,0.00,0.07,0.15,0.14,0.03,0.05,0.71,0.19,0.03,0.02,0.13,1.05,0.44,0.17,0.81,0.41,0.05,0.91,0.07,0.00,0.00,0.00,0.17,1.03,0.04,0.60,0.00,0.03,0.00,0.00,0.00,0.25,0.12,0.15,0.00,0.00,0.30,4.35,0.27,0.10,0.03,0.25,0.01,0.07,0.03,0.06,0.00,0.15,0.25,0.03,0.04,0.15,0.03,0.03,0.01,0.51,1.54,0.03,0.00,0.07,0.00,0.13,0.61,0.17,0.05,0.05,0.01,0.19,0.61,0.03,0.31,0.29,0.25,0.04,0.07,0.00,0.99,0.18,0.00,0.00,0.15,0.01,0.02,0.17,0.03,0.00,0.77,0.09,0.03,0.11,0.03,0.01,0.09,0.23,0.01,0.13,0.23,0.00,0.01
15,2,2010-08-27,Low Traffic,22.38,1.07,0.00,1.73,0.36,1.19,0.93,2.55,0.07,1.09,0.31,0.11,0.00,0.29,0.05,0.52,0.06,0.01,0.05,0.00,0.04,0.01,0.01,0.66,1.45,0.05,0.07,0.34,0.36,0.07,0.00,0.00,0.03,0.30,0.11,0.58,0.05,0.01,0.01,0.00,0.00,0.00,0.04,0.06,0.00,0.00,0.20,0.01,0.20,0.05,0.00,0.18,0.11,0.01,0.00,0.01,0.02,0.02,0.01,0.03,0.09,0.03,0.03,0.00,0.01,0.41,0.44,0.03,0.13,0.08,0.00,0.19,0.07,0.00,0.00,0.00,0.04,0.20,0.01,0.09,0.00,0.01,0.00,0.00,0.00,0.04,0.02,0.03,0.00,0.00,0.06,1.56,0.05,0.01,0.01,0.04,0.01,0.01,0.01,0.01,0.00,0.05,0.05,0.00,0.01,0.03,0.01,0.02,0.01,0.22,0.61,0.03,0.00,0.02,0.00,0.05,0.22,0.05,0.01,0.07,0.00,0.03,0.09,0.03,0.04,0.04,0.04,0.04,0.01,0.00,0.15,0.05,0.00,0.00,0.09,0.00,0.01,0.03,0.01,0.00,0.56,0.02,0.01,0.03,0.01,0.00,0.01,0.09,0.01,0.06,0.19,0.00,0.01
15,3,2010-09-02,Indoors,112.06,2.33,0.00,3.15,0.72,2.83,2.31,2.43,0.12,1.45,1.81,0.11,0.01,0.75,0.12,2.05,0.17,0.02,0.07,0.00,0.11,0.01,0.09,5.25,1.45,0.13,0.00,3.44,12.79,0.30,0.01,0.00,0.13,0.47,0.37,0.56,0.21,0.05,0.03,0.00,0.02,0.00,0.25,0.31,0.00,0.00,1.05,0.03,0.75,0.11,0.00,0.89,0.41,0.05,0.00,0.03,0.15,0.05,0.05,0.18,0.49,0.21,0.05,0.03,0.05,0.82,0.43,0.60,1.16,0.79,0.03,2.11,0.07,0.00,0.03,0.00,1.37,0.61,0.00,1.51,0.00,0.01,0.00,0.00,0.21,0.68,0.17,0.21,0.00,0.00,0.25,4.33,0.23,0.09,0.01,0.21,0.01,0.13,0.04,0.08,0.00,0.05,0.27,0.04,0.10,0.38,0.05,0.05,0.07,1.09,2.75,0.02,0.00,0.37,0.00,0.00,1.55,0.26,0.05,0.53,0.03,0.14,0.39,0.06,0.19,0.21,0.17,0.52,0.02,0.00,0.72,0.53,0.00,0.00,3.53,0.01,0.03,0.18,0.12,0.01,28.13,0.20,0.04,0.15,0.00,0.00,0.00,0.80,0.01,0.33,0.69,0.00,0.08
16,1,2010-06-18,Low Traffic,21.75,1.04,0.45,1.95,0.27,0.63,2.29,2.29,0.05,1.11,0.26,0.11,0.00,0.36,0.04,0.53,0.05,0.00,0.07,0.00,0.04,0.01,0.01,0.57,1.29,0.14,0.05,0.34,1.03,0.07,0.01,0.00,0.03,0.21,0.08,0.65,0.03,0.01,0.01,0.00,0.00,0.00,0.03,0.04,0.00,0.00,0.17,0.01,0.14,0.09,0.00,0.19,0.09,0.01,0.00,0.01,0.01,0.01,0.01,0.05,0.07,0.03,0.03,0.00,0.01,0.41,0.40,0.03,0.09,0.05,0.00,0.11,0.05,0.00,0.00,0.03,0.03,0.07,0.01,0.09,0.00,0.00,0.00,0.00,0.00,0.05,0.01,0.01,0.00,0.01,0.02,0.59,0.04,0.01,0.01,0.03,0.01,0.01,0.01,0.01,0.01,0.17,0.07,0.00,0.01,0.03,0.01,0.01,0.01,0.07,0.21,0.01,0.00,0.03,0.00,0.03,0.09,0.05,0.01,0.11,0.00,0.03,0.10,0.03,0.05,0.05,0.04,0.05,0.01,0.00,0.17,0.08,0.00,0.01,0.08,0.00,0.01,0.05,0.02,0.01,0.27,0.03,0.01,0.04,0.00,0.00,0.01,0.11,0.01,0.09,0.16,0.01,0.01
16,2,2010-07-23,Indoors,107.75,1.85,0.69,2.30,0.76,12.07,4.05,2.73,0.09,1.47,1.73,0.13,0.01,0.76,0.10,14.66,0.19,0.07,0.07,0.01,0.13,0.03,0.07,4.57,1.72,0.15,0.29,2.58,6.02,0.30,0.01,0.00,0.14,0.53,0.39,0.66,0.22,0.05,0.01,0.00,0.02,0.00,0.21,0.27,0.00,0.00,1.07,0.03,0.75,0.12,0.00,0.95,0.46,0.05,0.00,0.03,0.13,0.06,0.07,0.19,0.57,0.22,0.05,0.04,0.05,0.68,0.46,1.12,0.83,0.42,0.00,1.03,0.06,0.00,0.03,0.00,0.85,0.45,0.02,0.87,0.00,0.01,0.00,0.00,0.00,0.54,0.11,0.12,0.00,0.00,0.16,3.65,0.23,0.09,0.01,0.20,0.01,0.12,0.05,0.05,0.00,0.06,0.25,0.03,0.11,1.23,0.05,0.05,0.04,0.61,1.79,0.01,0.17,0.37,0.00,0.05,0.84,0.26,0.04,0.46,0.05,0.10,0.27,0.11,0.13,0.15,0.13,0.38,0.03,0.00,0.54,0.53,0.00,0.00,3.98,0.01,0.03,0.15,0.00,0.00,13.91,0.17,0.03,0.13,0.00,0.00,0.03,0.50,0.01,0.30,0.50,0.00,0.07
16,3,2010-08-06,High Traffic,32.29,1.78,0.44,1.75,0.70,1.31,1.11,2.41,0.10,1.07,0.58,0.11,0.00,0.59,0.11,1.11,0.15,0.01,0.06,0.01,0.11,0.01,0.03,1.66,1.51,0.10,0.15,0.73,0.55,0.22,0.01,0.00,0.10,0.26,0.31,0.55,0.11,0.04,0.05,0.00,0.01,0.00,0.08,0.13,0.01,0.00,0.53,0.03,0.39,0.09,0.00,0.48,0.13,0.04,0.00,0.03,0.05,0.05,0.02,0.04,0.27,0.08,0.03,0.00,0.05,0.71,0.43,0.11,0.29,0.17,0.02,0.30,0.07,0.00,0.00,0.00,0.27,0.27,0.01,0.23,0.00,0.01,0.00,0.00,0.00,0.13,0.04,0.05,0.00,0.00,0.07,1.96,0.10,0.04,0.01,0.11,0.01,0.05,0.02,0.02,0.01,0.04,0.14,0.00,0.03,0.06,0.02,0.03,0.01,0.25,0.78,0.03,0.05,0.06,0.01,0.06,0.27,0.11,0.02,0.08,0.01,0.06,0.19,0.05,0.09,0.09,0.08,0.09,0.01,0.00,0.32,0.14,0.01,0.01,0.10,0.01,0.01,0.07,0.02,0.01,0.37,0.04,0.02,0.05,0.01,0.01,0.01,0.18,0.05,0.07,0.11,0.01,0.01
17,1,2010-05-26,Low Traffic,41.20,0.81,0.00,2.82,0.37,1.61,1.00,2.59,0.04,1.32,0.80,0.11,0.00,0.45,0.03,1.54,0.11,0.01,0.06,0.00,0.08,0.03,0.04,2.28,1.59,0.09,0.12,1.30,8.36,0.17,0.00,0.00,0.08,0.48,0.20,0.74,0.08,0.03,0.02,0.00,0.00,0.00,0.11,0.11,0.00,0.00,0.42,0.00,0.31,0.00,0.00,0.27,0.15,0.03,0.00,0.00,0.00,0.00,0.00,0.06,0.15,0.07,0.05,0.00,0.02,0.37,0.51,0.07,0.19,0.14,0.00,0.25,0.07,0.00,0.00,0.00,0.16,0.19,0.00,0.16,0.00,0.00,0.00,0.00,0.00,0.08,0.03,0.04,0.00,0.00,0.06,1.32,0.11,0.02,0.01,0.06,0.00,0.02,0.01,0.02,0.00,0.07,0.11,0.00,0.00,0.09,0.00,0.00,0.00,0.23,0.64,0.02,0.00,0.06,0.00,0.08,0.26,0.11,0.02,0.43,0.00,0.06,0.14,0.20,0.07,0.07,0.06,0.33,0.00,0.12,0.25,0.16,0.00,0.01,0.67,0.01,0.01,0.07,0.08,0.00,0.73,0.03,0.02,0.05,0.00,0.00,0.00,0.30,0.01,0.20,0.42,0.00,0.05
17,2,2010-06-02,High Traffic,49.67,1.89,0.48,2.85,0.82,3.72,1.20,2.63,0.08,1.25,1.25,0.12,0.00,0.72,0.14,2.57,0.23,0.02,0.05,0.00,0.18,0.02,0.07,3.88,1.62,0.13,0.24,1.61,0.54,0.34,0.00,0.00,0.16,0.46,0.44,0.72,0.16,0.05,0.02,0.00,0.00,0.00,0.17,0.23,0.00,0.00,0.90,0.00,0.72,0.09,0.00,0.73,0.19,0.05,0.00,0.03,0.03,0.07,0.04,0.07,0.37,0.15,0.05,0.00,0.06,0.85,0.51,0.12,0.47,0.33,0.00,0.52,0.07,0.00,0.00,0.00,0.13,0.39,0.00,0.29,0.00,0.00,0.00,0.00,0.00,0.15,0.06,0.08,0.00,0.00,0.13,3.03,0.14,0.06,0.01,0.15,0.01,0.05,0.02,0.03,0.00,0.03,0.17,0.00,0.00,0.32,0.02,0.00,0.00,0.49,1.37,0.02,0.00,0.07,0.00,0.00,0.48,0.16,0.04,0.08,0.00,0.11,0.32,0.03,0.15,0.16,0.13,0.00,0.00,0.00,0.49,0.26,0.00,0.01,0.34,0.01,0.01,0.12,0.03,0.01,1.01,0.05,0.03,0.00,0.02,0.01,0.00,0.39,0.02,0.13,0.33,0.00,0.03
17,3,2010-06-09,Indoors,111.44,1.43,0.52,2.22,0.56,2.08,1.56,2.70,0.07,1.35,2.40,0.11,0.01,0.61,0.11,2.46,0.17,0.02,0.05,0.00,0.12,0.02,0.07,3.72,1.93,0.12,0.00,2.51,6.63,0.32,0.00,0.00,0.14,0.63,0.35,0.65,0.13,0.04,0.02,0.00,0.00,0.00,0.15,0.21,0.00,0.00,0.89,0.00,0.76,0.11,0.00,1.06,0.29,0.05,0.00,0.00,0.02,0.00,0.09,0.19,0.58,0.29,0.05,0.04,0.04,0.70,0.53,1.66,1.38,0.60,0.00,1.56,0.04,0.00,0.00,0.00,1.52,0.35,0.00,1.05,0.00,0.00,0.00,0.00,0.00,0.73,0.09,0.11,0.00,0.00,0.14,4.99,0.21,0.09,0.01,0.19,0.00,0.10,0.04,0.04,0.00,0.05,0.24,0.28,0.08,0.40,0.04,0.00,0.00,0.67,1.77,0.01,0.00,0.22,0.00,0.00,0.86,0.24,0.04,0.49,0.00,0.12,0.32,0.08,0.16,0.16,0.14,0.45,0.00,0.00,0.55,0.41,0.00,0.00,6.14,0.02,0.02,0.15,0.11,0.00,39.23,0.08,0.00,0.00,0.00,0.02,0.00,0.43,0.01,0.25,0.35,0.00,0.04
18,1,2010-06-07,Low Traffic,41.27,2.81,0.57,2.10,0.86,4.07,1.33,2.69,0.09,1.19,0.54,0.12,0.00,0.57,0.17,1.04,0.13,0.01,0.05,0.00,0.10,0.01,0.05,1.71,1.68,0.08,0.14,1.16,0.55,0.19,0.00,0.00,0.09,0.46,0.25,0.67,0.08,0.03,0.01,0.00,0.00,0.00,0.09,0.14,0.00,0.00,0.55,0.00,0.49,0.08,0.00,0.53,0.17,0.04,0.00,0.02,0.02,0.05,0.02,0.07,0.27,0.10,0.05,0.01,0.04,0.95,0.55,0.08,0.41,0.26,0.00,0.46,0.04,0.00,0.00,0.00,0.12,0.34,0.00,0.26,0.00,0.00,0.00,0.00,0.00,0.12,0.05,0.06,0.00,0.00,0.11,3.23,0.11,0.04,0.01,0.11,0.00,0.03,0.02,0.03,0.00,0.03,0.12,0.00,0.00,0.12,0.01,0.00,0.00,0.34,1.02,0.01,0.00,0.07,0.00,0.05,0.38,0.11,0.03,0.08,0.00,0.09,0.27,0.09,0.12,0.13,0.11,0.08,0.00,0.00,0.41,0.17,0.00,0.00,0.31,0.01,0.01,0.10,0.03,0.00,0.44,0.04,0.02,0.00,0.02,0.01,0.00,0.26,0.01,0.13,0.24,0.00,0.01
18,2,2010-07-12,High Traffic,45.21,1.95,0.51,2.61,0.61,1.84,1.17,2.58,0.07,1.15,1.36,0.12,0.00,0.65,0.10,2.59,0.33,0.02,0.07,0.00,0.21,0.02,0.05,4.35,1.52,0.16,0.27,1.55,0.49,0.40,0.01,0.00,0.18,0.34,0.53,0.79,0.21,0.06,0.09,0.00,0.02,0.00,0.15,0.21,0.00,0.09,1.07,0.03,0.69,0.12,0.00,0.61,0.19,0.06,0.00,0.03,0.07,0.07,0.03,0.05,0.35,0.09,0.04,0.01,0.07,0.80,0.45,0.13,0.35,0.16,0.03,0.39,0.06,0.00,0.00,0.00,0.13,0.35,0.01,0.28,0.00,0.01,0.00,0.00,0.00,0.13,0.05,0.06,0.00,0.00,0.09,2.75,0.12,0.04,0.01,0.09,0.01,0.04,0.02,0.03,0.01,0.05,0.12,0.00,0.03,0.13,0.01,0.02,0.03,0.32,0.98,0.02,0.00,0.06,0.00,0.05,0.35,0.11,0.03,0.07,0.01,0.08,0.21,0.01,0.11,0.10,0.09,0.05,0.01,0.00,0.39,0.19,0.00,0.01,0.13,0.01,0.01,0.09,0.04,0.01,0.63,0.05,0.02,0.08,0.02,0.00,0.01,0.28,0.02,0.15,0.39,0.01,0.02
18,3,2010-07-26,Indoors,75.86,1.01,0.00,1.86,0.40,1.59,5.79,2.51,0.07,1.39,1.05,0.12,0.01,0.59,0.07,2.00,0.19,0.02,0.07,0.01,0.13,0.03,0.06,4.41,1.55,0.15,0.31,2.83,6.66,0.39,0.01,0.00,0.17,0.41,0.53,0.62,0.21,0.06,0.01,0.00,0.02,0.00,0.19,0.29,0.01,0.00,1.11,0.03,0.75,0.12,0.00,0.99,0.54,0.06,0.00,0.03,0.13,0.07,0.05,0.17,0.56,0.21,0.05,0.03,0.07,0.49,0.49,0.68,0.65,0.42,0.03,0.83,0.06,0.00,0.03,0.00,1.11,0.45,0.02,0.78,0.00,0.01,0.00,0.00,0.00,0.52,0.10,0.12,0.00,0.00,0.14,2.59,0.20,0.08,0.01,0.19,0.01,0.11,0.04,0.05,0.00,0.07,0.25,0.03,0.10,0.43,0.05,0.05,0.02,0.49,1.37,0.01,0.00,0.31,0.00,0.00,0.67,0.21,0.03,0.49,0.03,0.07,0.21,0.22,0.10,0.11,0.09,0.55,0.01,0.00,0.39,0.37,0.00,0.00,4.42,0.01,0.02,0.11,0.14,0.01,9.99,0.06,0.03,0.09,0.03,0.00,0.00,0.42,0.01,0.22,0.48,0.01,0.07
19,1,2010-07-09,Indoors,117.32,2.74,0.92,10.09,0.92,3.27,3.91,2.54,0.12,1.38,2.57,0.12,0.01,0.95,0.15,3.69,0.32,0.03,0.07,0.01,0.21,0.03,0.11,7.07,3.39,0.24,0.44,3.95,4.47,0.50,0.01,0.00,0.23,0.52,0.58,0.72,0.35,0.07,0.03,0.00,0.03,0.00,0.27,0.38,0.00,0.00,1.71,0.05,1.15,0.18,0.00,1.36,0.47,0.09,0.00,0.03,0.13,0.09,0.07,0.15,0.73,0.21,0.04,0.03,0.07,1.11,0.43,0.72,1.19,0.49,0.03,1.69,0.05,0.00,0.00,0.00,1.01,0.56,0.02,1.67,0.00,0.01,0.00,0.00,0.00,0.61,0.14,0.17,0.00,0.00,0.24,6.08,0.25,0.11,0.01,0.24,0.01,0.15,0.06,0.09,0.00,0.09,0.29,0.05,0.13,3.03,0.07,0.06,0.02,0.78,2.27,0.01,0.00,0.28,0.00,0.07,1.09,0.27,0.05,0.49,0.04,0.15,0.40,0.11,0.21,0.19,0.18,0.50,0.02,0.00,0.72,0.43,0.00,0.00,1.21,0.01,0.03,0.17,0.00,0.01,21.35,0.21,0.04,0.11,0.00,0.00,0.00,0.44,0.01,0.25,0.40,0.00,0.00
20,1,2010-06-04,Low Traffic,21.06,0.42,0.00,1.50,0.21,1.08,0.73,2.60,0.03,1.14,0.67,0.12,0.00,0.28,0.03,0.62,0.05,0.01,0.05,0.00,0.04,0.02,0.02,1.03,1.62,0.06,0.06,0.39,0.76,0.07,0.00,0.00,0.03,0.27,0.09,0.74,0.03,0.01,0.00,0.00,0.00,0.00,0.04,0.05,0.00,0.00,0.17,0.00,0.17,0.05,0.00,0.16,0.10,0.01,0.00,0.00,0.01,0.02,0.01,0.06,0.08,0.03,0.05,0.00,0.01,0.23,0.52,0.04,0.11,0.07,0.00,0.13,0.05,0.00,0.00,0.00,0.22,0.07,0.00,0.09,0.00,0.00,0.00,0.00,0.00,0.06,0.01,0.02,0.00,0.00,0.04,0.66,0.00,0.01,0.00,0.03,0.01,0.02,0.01,0.01,0.00,0.05,0.06,0.07,0.00,0.04,0.01,0.00,0.00,0.11,0.29,0.01,0.00,0.03,0.00,0.04,0.11,0.05,0.01,0.10,0.00,0.03,0.07,0.05,0.03,0.03,0.03,0.00,0.02,0.02,0.11,0.09,0.00,0.01,0.29,0.00,0.00,0.03,0.03,0.01,0.42,0.02,0.00,0.03,0.01,0.00,0.02,0.16,0.02,0.09,0.25,0.00,0.03
20,2,2010-06-28,Indoors,203.99,2.44,0.78,3.25,0.81,3.51,44.54,2.47,0.11,1.38,2.00,0.11,0.01,0.77,0.13,2.82,0.22,0.03,0.07,0.01,0.15,0.03,0.07,4.10,1.43,0.17,0.31,2.65,4.35,0.41,0.01,0.00,0.19,0.44,0.51,0.69,0.23,0.07,0.03,0.00,0.02,0.00,0.24,0.29,0.01,0.00,1.39,0.04,1.01,0.17,0.00,1.45,0.40,0.09,0.00,0.05,0.14,0.10,0.07,0.15,0.71,0.21,0.05,0.04,0.09,0.97,0.43,0.78,0.85,0.39,0.03,0.99,0.05,0.00,0.02,0.00,1.11,0.44,0.03,0.89,0.00,0.02,0.00,0.00,0.00,0.51,0.11,0.13,0.00,0.00,0.17,6.06,0.27,0.11,0.02,0.25,0.01,0.12,0.05,0.05,0.00,0.09,0.30,0.04,0.09,0.53,0.05,0.05,0.06,0.72,2.12,0.01,0.00,0.30,0.00,0.11,0.99,0.27,0.05,0.99,0.04,0.15,0.43,0.07,0.21,0.21,0.19,1.43,0.03,0.00,0.78,0.34,0.00,0.00,2.32,0.01,0.03,0.18,0.00,0.01,86.63,0.00,0.00,0.00,0.00,0.00,0.03,0.43,0.01,0.25,0.52,0.00,0.04
20,3,2010-07-16,High Traffic,65.89,2.94,1.06,3.55,1.09,2.91,1.56,2.66,0.13,1.26,1.37,0.11,0.00,1.03,0.18,3.31,0.41,0.02,0.07,0.01,0.26,0.02,0.08,6.05,1.48,0.29,0.43,2.29,0.57,0.65,0.00,0.00,0.29,0.59,0.91,0.65,0.32,0.10,0.01,0.00,0.03,0.00,0.26,0.39,0.01,0.00,1.62,0.07,1.17,0.26,0.00,1.01,0.14,0.11,0.00,0.07,0.13,0.13,0.03,0.05,0.65,0.19,0.03,0.02,0.13,1.13,0.42,0.25,0.69,0.35,0.05,0.79,0.05,0.00,0.00,0.00,0.23,0.83,0.03,0.53,0.00,0.03,0.00,0.00,0.00,0.25,0.11,0.13,0.00,0.00,0.26,4.37,0.22,0.08,0.03,0.21,0.01,0.07,0.03,0.06,0.00,0.08,0.22,0.00,0.05,0.13,0.03,0.03,0.03,0.51,1.59,0.01,0.00,0.10,0.00,0.09,0.65,0.19,0.05,0.09,0.01,0.14,0.43,0.03,0.20,0.22,0.20,0.06,0.04,0.00,0.83,0.26,0.00,0.01,0.13,0.01,0.01,0.16,0.03,0.01,1.19,0.10,0.04,0.15,0.04,0.02,0.04,0.38,0.01,0.24,0.67,0.00,0.03
21,1,2010-07-06,High Traffic,47.83,1.88,0.65,2.78,0.68,4.15,1.36,2.53,0.08,1.24,1.16,0.11,0.00,0.61,0.09,2.25,0.25,0.01,0.08,0.00,0.15,0.02,0.05,3.42,1.57,0.15,0.23,1.41,1.31,0.37,0.01,0.00,0.16,0.81,0.49,0.64,0.21,0.07,0.02,0.00,0.00,0.00,0.14,0.20,0.01,0.00,0.92,0.04,0.70,0.13,0.00,0.77,0.15,0.06,0.00,0.03,0.07,0.07,0.02,0.05,0.38,0.09,0.03,0.02,0.07,0.77,0.43,0.13,0.33,0.15,0.03,0.39,0.05,0.00,0.00,0.00,0.19,0.29,0.02,0.25,0.00,0.01,0.00,0.00,0.00,0.13,0.05,0.05,0.00,0.00,0.08,2.72,0.13,0.05,0.01,0.12,0.01,0.07,0.03,0.02,0.01,0.07,0.17,0.00,0.05,0.29,0.03,0.03,0.05,0.32,1.02,0.02,0.00,0.06,0.00,0.07,0.40,0.13,0.03,0.11,0.01,0.09,0.27,0.03,0.13,0.13,0.11,0.07,0.02,0.00,0.51,0.20,0.00,0.01,0.15,0.01,0.01,0.11,0.03,0.01,0.54,0.06,0.03,0.09,0.02,0.00,0.01,0.29,0.01,0.16,0.39,0.01,0.02
21,2,2010-08-13,Low Traffic,30.03,0.98,0.00,1.76,0.33,1.35,0.98,2.71,0.07,1.21,0.69,0.13,0.00,0.33,0.04,1.09,0.08,0.01,0.07,0.00,0.06,0.03,0.02,2.02,1.73,0.07,0.10,1.92,0.76,0.13,0.00,0.00,0.06,0.64,0.16,0.65,0.11,0.02,0.01,0.00,0.00,0.00,0.08,0.11,0.00,0.00,0.43,0.01,0.33,0.06,0.00,0.33,0.14,0.02,0.00,0.01,0.02,0.03,0.01,0.04,0.17,0.05,0.04,0.00,0.02,0.39,0.51,0.07,0.28,0.14,0.00,0.36,0.07,0.00,0.00,0.00,0.16,0.19,0.01,0.28,0.00,0.01,0.00,0.00,0.00,0.09,0.03,0.03,0.00,0.00,0.05,1.67,0.07,0.02,0.01,0.06,0.01,0.03,0.01,0.01,0.01,0.03,0.09,0.00,0.02,0.13,0.01,0.02,0.01,0.20,0.46,0.03,0.00,0.03,0.00,0.03,0.17,0.09,0.02,0.06,0.01,0.05,0.11,0.01,0.05,0.04,0.05,0.03,0.01,0.00,0.17,0.13,0.00,0.01,0.15,0.01,0.01,0.04,0.02,0.01,0.41,0.02,0.01,0.03,0.01,0.00,0.03,0.17,0.01,0.07,0.18,0.01,0.02
21,3,2010-08-23,Indoors,88.29,1.23,0.38,1.93,0.44,2.37,2.41,2.45,0.05,1.42,1.76,0.11,0.01,0.55,0.07,1.27,0.09,0.02,0.07,0.00,0.06,0.02,0.04,1.95,1.47,0.11,0.13,0.00,5.47,0.12,0.01,0.00,0.00,0.57,0.16,0.62,0.11,0.02,0.48,0.00,0.01,0.00,0.22,0.15,0.00,0.00,0.57,0.01,0.49,0.09,0.01,0.99,0.59,0.02,0.00,0.00,0.07,0.03,0.05,0.19,0.40,0.11,0.05,0.03,0.03,0.44,0.46,0.70,0.82,0.35,0.03,1.10,0.07,0.02,0.04,0.00,0.35,0.21,0.00,0.92,0.00,0.01,0.00,0.00,0.00,0.50,0.08,0.10,0.00,0.00,0.10,2.43,0.19,0.08,0.01,0.17,0.01,0.09,0.03,0.03,0.01,0.09,0.25,0.00,0.08,1.05,0.03,0.04,0.05,0.45,1.17,0.03,0.00,0.37,0.00,0.07,0.63,0.24,0.03,0.53,0.03,0.08,0.21,0.07,0.11,0.12,0.11,0.79,0.02,0.00,0.46,0.46,0.00,0.00,9.85,0.01,0.02,0.13,0.13,0.01,27.71,0.13,0.03,0.00,0.00,0.00,0.03,0.51,0.02,0.27,0.39,0.01,0.07
22,1,2010-06-23,Low Traffic,132.06,2.49,0.83,2.52,0.81,1.77,40.60,2.42,0.10,1.32,3.07,0.11,0.01,0.80,0.15,1.77,0.21,0.02,0.07,0.01,0.14,0.02,0.07,3.40,1.45,0.15,0.25,2.80,4.91,0.31,0.01,0.00,0.14,0.40,0.40,0.61,0.17,0.06,0.01,0.00,0.01,0.00,0.18,0.22,0.00,0.00,1.01,0.03,0.74,0.12,0.00,1.11,0.34,0.05,0.00,0.03,0.11,0.07,0.06,0.18,0.49,0.16,0.04,0.03,0.07,0.91,0.44,0.54,0.97,0.43,0.03,1.41,0.05,0.00,0.02,0.00,1.36,0.31,0.01,1.41,0.00,0.01,0.00,0.00,0.00,1.21,0.11,0.14,0.00,0.00,0.17,3.89,0.22,0.09,0.01,0.21,0.01,0.11,0.05,0.07,0.00,0.08,0.28,0.00,0.10,1.57,0.05,0.04,0.02,0.59,1.76,0.01,0.00,0.29,0.00,0.07,0.82,0.25,0.04,0.42,0.04,0.11,0.32,0.07,0.17,0.17,0.14,0.45,0.02,0.00,0.61,0.43,0.00,0.00,4.25,0.01,0.02,0.16,0.15,0.01,23.76,0.00,0.03,0.12,0.03,0.00,0.03,0.42,0.01,0.23,0.30,0.00,0.03
22,2,2010-07-21,High Traffic,68.07,4.89,0.00,2.97,1.92,2.19,1.11,2.63,0.14,1.20,1.15,0.11,0.00,1.37,0.22,2.59,0.50,0.01,0.07,0.01,0.38,0.02,0.09,5.11,1.53,0.21,0.38,1.83,0.68,0.52,0.00,0.00,0.23,0.43,0.80,0.64,0.29,0.12,0.02,0.00,0.02,0.00,0.21,0.34,0.00,0.00,1.45,0.05,1.03,0.17,0.00,0.93,0.20,0.09,0.00,0.05,0.12,0.11,0.03,0.06,0.59,0.26,0.04,0.02,0.11,1.44,0.45,0.23,0.70,0.58,0.03,0.79,0.06,0.00,0.00,0.00,0.22,0.99,0.03,0.52,0.00,0.02,0.00,0.00,0.00,0.29,0.11,0.13,0.00,0.00,0.27,8.46,0.21,0.07,0.01,0.21,0.01,0.09,0.04,0.07,0.01,0.03,0.19,0.00,0.05,0.13,0.04,0.03,0.05,0.64,1.91,0.01,0.00,0.10,0.00,0.05,0.70,0.19,0.05,0.13,0.02,0.13,0.45,0.04,0.21,0.21,0.19,0.10,0.01,0.00,0.77,0.27,0.00,0.01,0.16,0.01,0.01,0.16,0.03,0.01,1.37,0.09,0.04,0.12,0.03,0.02,0.02,0.32,0.01,0.21,0.41,0.00,0.03
22,3,2010-07-29,Indoors,41.08,1.27,0.00,2.20,0.53,1.11,3.39,2.71,0.08,1.32,0.52,0.12,0.00,0.47,0.07,1.39,0.13,0.01,0.07,0.00,0.09,0.02,0.03,1.99,1.57,0.00,0.19,0.00,3.05,0.23,0.01,0.00,0.11,0.47,0.31,0.67,0.15,0.04,0.01,0.00,0.01,0.00,0.10,0.17,0.01,0.00,0.66,0.02,0.47,0.09,0.00,0.55,0.17,0.04,0.00,0.02,0.05,0.05,0.02,0.05,0.33,0.12,0.04,0.02,0.05,0.61,0.51,0.27,0.41,0.28,0.02,0.57,0.06,0.00,0.01,0.00,0.11,0.33,0.03,0.39,0.00,0.01,0.00,0.00,0.00,0.22,0.06,0.09,0.00,0.00,0.10,2.03,0.11,0.04,0.01,0.10,0.01,0.04,0.02,0.03,0.01,0.04,0.12,0.00,0.03,0.16,0.02,0.03,0.01,0.29,0.79,0.01,0.07,0.11,0.00,0.04,0.37,0.16,0.03,0.13,0.01,0.09,0.27,0.08,0.13,0.13,0.11,0.13,0.01,0.00,0.44,0.24,0.00,0.00,1.05,0.01,0.01,0.09,0.04,0.01,1.27,0.05,0.02,0.06,0.02,0.01,0.00,0.22,0.01,0.13,0.17,0.01,0.03
23,1,2010-06-22,High Traffic,44.95,2.52,1.00,2.46,0.90,2.18,2.93,2.31,0.13,1.06,0.78,0.10,0.00,0.64,0.18,1.44,0.17,0.01,0.06,0.01,0.11,0.01,0.04,2.10,1.31,0.13,0.17,0.96,0.46,0.23,0.01,0.00,0.11,0.36,0.31,0.66,0.11,0.05,0.20,0.00,0.00,0.00,0.11,0.15,0.01,0.00,0.73,0.03,0.55,0.12,0.00,0.56,0.11,0.05,0.00,0.03,0.07,0.07,0.03,0.05,0.30,0.10,0.03,0.01,0.07,0.84,0.40,0.11,0.42,0.21,0.03,0.48,0.05,0.00,0.00,0.00,0.11,0.34,0.02,0.35,0.00,0.01,0.00,0.00,0.00,0.14,0.05,0.07,0.00,0.00,0.11,4.13,0.15,0.05,0.01,0.14,0.01,0.05,0.02,0.03,0.00,0.05,0.15,0.00,0.03,0.06,0.02,0.03,0.01,0.42,1.40,0.01,0.00,0.08,0.00,0.05,0.54,0.14,0.04,0.07,0.01,0.12,0.41,0.02,0.21,0.19,0.16,0.03,0.01,0.00,0.70,0.21,0.00,0.00,0.11,0.01,0.01,0.14,0.00,0.00,0.66,0.07,0.03,0.11,0.03,0.01,0.01,0.31,0.01,0.14,0.36,0.00,0.01
24,1,2010-06-01,Indoors,126.93,1.96,0.60,3.59,0.63,3.16,3.37,2.61,0.10,1.53,2.88,0.11,0.01,0.71,0.11,2.45,0.12,0.03,0.07,0.00,0.09,0.02,0.05,3.55,1.62,0.12,0.00,3.16,6.60,0.00,0.00,0.00,0.00,0.83,0.22,0.72,0.16,0.03,0.03,0.00,0.00,0.00,0.23,0.23,0.00,0.00,0.85,0.00,0.69,0.10,0.00,0.92,0.40,0.00,0.00,0.00,0.02,0.00,0.06,0.30,0.43,0.17,0.05,0.04,0.03,1.13,0.51,0.51,0.85,0.42,0.00,1.06,0.06,0.00,0.00,0.00,1.25,0.35,0.00,1.00,0.00,0.00,0.00,0.00,0.00,0.63,0.12,0.14,0.00,0.00,0.17,6.13,0.30,0.11,0.01,0.28,0.01,0.15,0.06,0.06,0.00,0.08,0.39,0.00,0.00,0.85,0.06,0.06,0.00,0.81,2.22,0.01,0.00,0.38,0.00,0.00,1.03,0.34,0.06,0.70,0.00,0.14,0.39,0.16,0.18,0.21,0.18,0.00,0.00,0.07,0.67,0.57,0.00,0.00,8.26,0.02,0.03,0.20,0.16,0.00,45.43,0.10,0.04,0.00,0.00,0.00,0.00,0.79,0.01,0.32,0.81,0.00,0.08
24,2,2010-06-08,Low Traffic,,,,,,,,,,,,,,,,,,,,,,,,,,,,,,,,,,,,,,,,,,,,,,,,,,,,,,,,,,,,,,,,,,,,,,,,,,,,,,,,,,,,,,,,,,,,,,,,,,,,,,,,,,,,,,,,,,,,,,,,,,,,,,,,,,,,,,,,,,,,,,,,,,,,,,,,,
24,3,2010-06-17,High Traffic,40.54,1.49,0.40,2.00,0.61,1.30,2.16,2.67,0.07,1.22,0.63,0.12,0.00,0.47,0.11,1.21,0.13,0.01,0.05,0.00,0.11,0.01,0.05,2.04,1.67,0.10,0.17,1.82,0.75,0.28,0.00,0.00,0.12,0.28,0.34,0.68,0.10,0.04,0.06,0.00,0.01,0.00,0.11,0.17,0.00,0.00,0.66,0.00,0.56,0.09,0.00,0.61,0.13,0.05,0.00,0.03,0.02,0.08,0.03,0.06,0.31,0.12,0.05,0.00,0.06,0.82,0.55,0.10,0.46,0.27,0.00,0.53,0.00,0.00,0.00,0.00,0.21,0.39,0.00,0.31,0.00,0.00,0.00,0.00,0.00,0.17,0.06,0.07,0.00,0.00,0.14,3.33,0.16,0.06,0.01,0.14,0.00,0.05,0.02,0.04,0.00,0.04,0.16,0.00,0.00,0.39,0.02,0.00,0.00,0.35,1.10,0.02,0.00,0.06,0.00,0.00,0.41,0.14,0.03,0.08,0.00,0.10,0.31,0.04,0.16,0.15,0.12,0.06,0.00,0.00,0.51,0.20,0.00,0.00,0.13,0.01,0.01,0.12,0.02,0.00,0.41,0.05,0.03,0.00,0.00,0.01,0.03,0.32,0.01,0.17,0.42,0.00,0.02
25,1,2010-08-23,Indoors,95.08,1.16,0.35,1.88,0.42,2.48,2.48,2.51,0.07,1.47,1.82,0.11,0.01,0.51,0.07,1.31,0.08,0.02,0.07,0.00,0.06,0.02,0.04,2.01,1.52,0.09,0.14,2.33,5.65,0.12,0.01,0.00,0.06,0.60,0.17,0.61,0.11,0.02,0.49,0.00,0.00,0.00,0.24,0.16,0.00,0.00,0.59,0.01,0.51,0.07,0.01,1.01,0.61,0.03,0.00,0.00,0.07,0.03,0.05,0.20,0.41,0.13,0.05,0.03,0.03,0.48,0.47,0.73,0.85,0.36,0.00,1.15,0.06,0.03,0.05,0.00,0.37,0.23,0.00,0.97,0.00,0.01,0.00,0.00,0.00,0.52,0.09,0.11,0.00,0.00,0.11,2.66,0.19,0.08,0.01,0.17,0.01,0.10,0.03,0.04,0.01,0.07,0.26,0.03,0.09,1.11,0.03,0.04,0.02,0.47,1.24,0.02,0.00,0.39,0.00,0.00,0.68,0.25,0.04,0.59,0.03,0.09,0.23,0.09,0.11,0.13,0.11,0.83,0.03,0.00,0.49,0.48,0.00,0.00,10.41,0.01,0.02,0.14,0.15,0.01,29.87,0.13,0.03,0.11,0.00,0.00,0.00,0.54,0.01,0.30,0.40,0.01,0.06
25,2,2010-09-01,High Traffic,77.34,2.64,0.00,4.11,0.90,2.89,1.01,2.52,0.13,1.18,1.24,0.11,0.00,0.75,0.15,2.75,0.31,0.02,0.07,0.01,0.20,0.02,0.07,5.53,1.47,0.17,0.34,2.36,0.60,0.48,0.00,0.00,0.21,0.44,0.66,0.56,0.23,0.07,0.08,0.00,0.01,0.00,0.19,0.30,0.00,0.00,1.15,0.05,0.85,0.13,0.00,0.76,0.17,0.07,0.00,0.05,0.09,0.08,0.03,0.05,0.42,0.20,0.03,0.01,0.07,0.91,0.44,0.14,0.76,0.53,0.03,0.91,0.07,0.00,0.00,0.00,0.56,0.81,0.03,0.60,0.00,0.01,0.00,0.00,0.00,0.21,0.09,0.11,0.00,0.00,0.22,21.88,0.17,0.07,0.01,0.16,0.01,0.06,0.03,0.06,0.00,0.07,0.17,0.00,0.04,0.16,0.03,0.03,0.05,0.52,1.60,0.02,0.00,0.08,0.00,0.15,0.60,0.20,0.04,0.09,0.01,0.13,0.40,0.02,0.19,0.21,0.17,0.04,0.03,0.00,0.79,0.31,0.00,0.01,0.19,0.01,0.02,0.15,0.03,0.01,1.19,0.07,0.03,0.13,0.03,0.01,0.00,0.50,0.01,0.19,0.62,0.01,0.04
25,3,2010-09-07,Low Traffic,28.12,0.78,0.30,3.51,0.27,2.11,0.95,2.46,0.06,1.11,0.70,0.12,0.00,0.25,0.05,1.29,0.06,0.01,0.06,0.00,0.05,0.01,0.02,1.25,1.45,0.05,0.09,0.65,0.49,0.13,0.00,0.00,0.06,0.29,0.16,0.58,0.07,0.02,0.01,0.00,0.00,0.00,0.05,0.09,0.00,0.00,0.40,0.01,0.28,0.05,0.00,0.26,0.11,0.02,0.00,0.01,0.03,0.03,0.01,0.04,0.13,0.07,0.03,0.00,0.02,0.34,0.44,0.05,0.22,0.19,0.00,0.25,0.07,0.00,0.00,0.00,0.09,0.27,0.01,0.17,0.00,0.01,0.00,0.00,0.00,0.07,0.03,0.03,0.00,0.00,0.07,0.99,0.06,0.02,0.01,0.05,0.01,0.02,0.01,0.02,0.00,0.03,0.06,0.00,0.01,0.19,0.01,0.02,0.05,0.23,0.61,0.02,0.00,0.03,0.00,0.03,0.20,0.05,0.01,0.13,0.01,0.03,0.09,0.01,0.04,0.04,0.04,0.05,0.01,0.00,0.14,0.05,0.00,0.00,0.17,0.00,0.01,0.03,0.01,0.00,0.69,0.01,0.01,0.03,0.00,0.00,0.01,0.11,0.01,0.07,0.21,0.00,0.00
26,1,2010-05-28,Low Traffic,33.05,0.85,0.22,2.09,0.34,1.31,1.06,2.70,0.04,1.29,0.80,0.12,0.00,0.44,0.05,1.43,0.07,0.01,0.05,0.00,0.06,0.02,0.03,2.12,1.66,0.09,0.16,1.50,1.39,0.11,0.00,0.00,0.05,0.53,0.13,0.77,0.09,0.02,0.03,0.00,0.00,0.00,0.09,0.12,0.00,0.00,0.43,0.00,0.37,0.07,0.00,0.39,0.15,0.02,0.00,0.00,0.00,0.03,0.02,0.07,0.19,0.08,0.05,0.00,0.02,0.40,0.51,0.06,0.27,0.18,0.00,0.00,0.07,0.00,0.00,0.00,0.31,0.20,0.00,0.20,0.00,0.00,0.00,0.00,0.00,0.08,0.03,0.04,0.00,0.00,0.07,2.09,0.08,0.03,0.00,0.06,0.00,0.02,0.01,0.02,0.00,0.06,0.09,0.00,0.00,0.24,0.00,0.00,0.00,0.27,0.67,0.01,0.00,0.04,0.00,0.06,0.27,0.10,0.03,0.07,0.00,0.09,0.23,0.01,0.14,0.08,0.10,0.00,0.00,0.03,0.27,0.14,0.00,0.00,0.29,0.01,0.01,0.09,0.02,0.00,0.37,0.04,0.02,0.00,0.00,0.00,0.03,0.25,0.01,0.12,0.26,0.00,0.02
26,2,2010-06-18,High Traffic,56.08,3.00,1.17,2.98,1.01,3.19,2.49,2.25,0.17,1.09,1.87,0.10,0.00,0.98,0.21,3.95,0.39,0.02,0.07,0.01,0.25,0.02,0.07,5.42,1.25,0.20,0.31,2.46,0.60,0.45,0.01,0.00,0.21,0.22,0.58,0.57,0.16,0.07,0.02,0.00,0.00,0.00,0.18,0.25,0.01,0.00,1.11,0.04,0.82,0.16,0.00,0.88,0.12,0.07,0.00,0.03,0.08,0.07,0.03,0.05,0.40,0.14,0.03,0.01,0.07,1.11,0.39,0.11,0.45,0.24,0.03,0.50,0.05,0.00,0.00,0.00,0.13,0.44,0.01,0.33,0.00,0.01,0.00,0.00,0.00,0.13,0.06,0.07,0.00,0.00,0.13,3.09,0.13,0.05,0.01,0.12,0.01,0.03,0.01,0.04,0.01,0.06,0.15,0.00,0.02,0.06,0.01,0.02,0.01,0.29,0.92,0.01,0.00,0.07,0.00,0.07,0.37,0.14,0.03,0.07,0.01,0.11,0.36,0.03,0.19,0.17,0.15,0.06,0.02,0.00,0.61,0.22,0.00,0.01,0.10,0.01,0.01,0.13,0.03,0.01,0.47,0.06,0.03,0.09,0.03,0.01,0.01,0.31,0.02,0.14,0.24,0.01,0.01
26,3,2010-06-24,Indoors,140.26,2.72,0.94,2.77,0.99,1.95,21.43,2.46,0.15,1.48,1.27,0.11,0.02,0.85,0.19,1.72,0.21,0.02,0.07,0.01,0.14,0.02,0.07,3.21,1.43,0.14,0.23,2.50,5.03,0.31,0.01,0.00,0.15,0.41,0.43,0.63,0.17,0.07,0.03,0.00,0.02,0.01,0.19,0.26,0.01,0.00,1.29,0.03,0.91,0.15,0.00,1.49,0.43,0.07,0.00,0.04,0.16,0.08,0.20,0.21,1.08,0.69,0.04,0.07,0.09,1.11,0.43,5.63,2.79,1.02,0.03,2.77,0.05,0.03,0.00,0.00,1.72,0.41,0.02,2.23,0.00,0.02,0.00,0.00,0.00,1.53,0.13,0.17,0.00,0.00,0.14,4.66,0.27,0.11,0.01,0.26,0.01,0.15,0.05,0.05,0.01,0.06,0.33,0.04,0.11,0.53,0.05,0.05,0.04,0.71,2.07,0.01,0.00,0.36,0.00,0.00,0.99,0.33,0.05,0.55,0.05,0.13,0.41,0.16,0.21,0.21,0.17,0.63,0.02,0.00,0.76,0.52,0.00,0.01,4.19,0.02,0.03,0.19,0.20,0.01,37.23,0.00,0.05,0.16,0.00,0.00,0.00,0.45,0.01,0.24,0.23,0.00,0.03
27,1,2010-08-12,High Traffic,46.45,2.18,0.00,2.17,0.77,1.38,1.05,2.62,0.10,1.17,0.93,0.12,0.00,0.73,0.11,1.83,0.24,0.01,0.06,0.01,0.16,0.01,0.05,2.78,1.53,0.13,0.23,1.27,0.48,0.33,0.00,0.00,0.15,0.67,0.44,0.62,0.18,0.06,0.02,0.00,0.02,0.00,0.14,0.21,0.01,0.00,0.84,0.03,0.65,0.11,0.00,0.75,0.17,0.05,0.00,0.03,0.07,0.07,0.03,0.05,0.41,0.12,0.04,0.01,0.07,0.88,0.48,0.15,0.54,0.29,0.03,0.67,0.07,0.00,0.01,0.00,0.19,0.50,0.03,0.53,0.00,0.01,0.00,0.00,0.00,0.25,0.08,0.09,0.00,0.00,0.18,3.35,0.15,0.06,0.01,0.14,0.01,0.06,0.03,0.05,0.01,0.04,0.17,0.00,0.05,0.13,0.03,0.03,0.01,0.75,2.40,0.03,0.00,0.05,0.00,0.00,0.64,0.20,0.04,0.08,0.02,0.11,0.35,0.03,0.18,0.17,0.15,0.05,0.01,0.00,0.58,0.30,0.00,0.01,0.27,0.01,0.01,0.12,0.04,0.01,0.97,0.07,0.03,0.09,0.03,0.01,0.00,0.38,0.02,0.12,0.31,0.01,0.02
27,2,2010-08-19,Low Traffic,23.64,0.65,0.30,1.73,0.23,1.17,0.93,2.51,0.03,1.18,0.53,0.11,0.00,0.28,0.03,0.96,0.08,0.01,0.07,0.00,0.06,0.02,0.02,1.15,1.51,0.07,0.09,0.56,0.64,0.11,0.00,0.00,0.05,0.30,0.14,0.65,0.06,0.01,0.01,0.00,0.00,0.00,0.05,0.07,0.00,0.00,0.26,0.00,0.22,0.05,0.00,0.23,0.13,0.02,0.00,0.01,0.02,0.02,0.01,0.03,0.11,0.03,0.04,0.00,0.01,0.30,0.47,0.03,0.15,0.08,0.00,0.19,0.07,0.00,0.00,0.00,0.08,0.15,0.01,0.13,0.00,0.01,0.00,0.00,0.00,0.04,0.02,0.00,0.00,0.00,0.03,0.91,0.00,0.01,0.01,0.03,0.01,0.01,0.01,0.01,0.00,0.04,0.05,0.00,0.01,0.29,0.01,0.02,0.03,0.13,0.33,0.01,0.00,0.02,0.00,0.03,0.14,0.05,0.01,0.07,0.01,0.05,0.14,0.01,0.07,0.07,0.06,0.05,0.01,0.00,0.24,0.07,0.00,0.00,0.15,0.01,0.01,0.05,0.02,0.00,0.64,0.02,0.01,0.04,0.01,0.00,0.02,0.10,0.01,0.05,0.12,0.01,0.01
27,3,2010-09-10,Indoors,30.30,0.91,0.00,1.72,0.30,1.54,0.98,2.67,0.04,1.17,0.37,0.12,0.00,0.28,0.04,0.57,0.06,0.01,0.06,0.00,0.04,0.01,0.01,0.87,1.58,0.06,0.00,0.00,2.34,0.09,0.01,0.00,0.00,0.40,0.12,0.62,0.05,0.01,0.17,0.00,0.00,0.00,0.04,0.06,0.00,0.00,0.29,0.00,0.34,0.05,0.00,0.76,0.26,0.01,0.00,0.00,0.02,0.01,0.01,0.04,0.24,0.04,0.04,0.00,0.01,0.27,0.45,0.08,0.24,0.14,0.00,0.30,0.08,0.00,0.01,0.00,0.06,0.12,0.01,0.20,0.00,0.01,0.00,0.00,0.00,0.08,0.02,0.03,0.00,0.00,0.04,0.77,0.04,0.01,0.01,0.04,0.01,0.01,0.01,0.01,0.01,0.03,0.06,0.00,0.01,0.07,0.01,0.02,0.01,0.19,0.39,0.03,0.00,0.06,0.00,0.00,0.22,0.06,0.01,0.17,0.01,0.04,0.14,0.19,0.06,0.07,0.06,0.27,0.01,0.00,0.22,0.08,0.00,0.00,0.53,0.01,0.01,0.05,0.02,0.01,4.11,0.04,0.01,0.04,0.01,0.00,0.00,0.11,0.01,0.10,0.20,0.01,0.03
28,1,2010-07-05,High Traffic,125.73,5.68,9.70,3.55,1.85,2.94,5.12,2.52,0.45,1.20,3.95,0.11,0.00,1.67,0.41,7.06,0.97,0.03,0.09,0.01,0.62,0.02,0.17,12.89,1.83,0.45,0.96,4.65,1.16,1.61,0.01,0.00,0.71,0.27,2.23,0.65,0.71,0.23,0.05,0.00,0.06,0.00,0.52,0.77,0.03,0.00,3.67,0.19,2.33,0.37,0.00,1.93,0.13,0.27,0.00,0.15,0.33,0.33,0.08,0.05,1.39,0.38,0.03,0.03,0.31,2.65,0.41,0.47,1.23,0.57,0.05,1.33,0.05,0.00,0.00,0.00,0.21,1.17,0.06,0.87,0.00,0.05,0.00,0.00,0.00,0.42,0.17,0.23,0.00,0.00,0.31,8.69,0.43,0.17,0.04,0.43,0.01,0.15,0.07,0.07,0.01,0.07,0.38,0.00,0.09,0.23,0.07,0.05,0.05,1.06,3.52,0.02,0.00,0.18,0.00,0.12,1.29,0.28,0.08,0.11,0.03,0.29,1.01,0.03,0.49,0.47,0.40,0.00,0.03,0.00,1.85,0.31,0.00,0.01,0.11,0.02,0.03,0.33,0.08,0.01,0.45,0.18,0.07,0.33,0.07,0.00,0.07,0.43,0.03,0.32,0.45,0.01,0.03
28,2,2010-07-19,Indoors,198.57,1.67,0.55,2.68,0.76,43.44,4.72,2.67,0.08,1.57,2.39,0.11,0.03,0.91,0.10,48.45,0.14,0.20,0.07,0.00,0.09,0.03,0.07,4.59,1.57,0.19,0.21,3.58,9.00,0.20,0.01,0.00,0.09,0.78,0.24,0.63,0.17,0.04,0.05,0.00,0.01,0.00,0.19,0.23,0.00,0.00,0.98,0.02,0.68,0.14,0.00,0.96,0.74,0.03,0.00,0.00,0.11,0.04,0.08,0.34,0.46,0.19,0.05,0.05,0.04,0.50,0.43,1.29,1.35,0.56,0.00,2.12,0.05,0.03,0.04,0.00,1.29,0.30,0.00,2.43,0.00,0.01,0.00,0.00,0.00,0.84,0.16,0.18,0.00,0.00,0.28,2.99,0.31,0.13,0.01,0.28,0.01,0.19,0.07,0.13,0.00,0.09,0.42,0.07,0.18,0.64,0.07,0.07,0.05,0.72,2.10,0.01,0.00,0.60,0.00,0.00,1.13,0.44,0.05,0.75,0.07,0.10,0.25,0.13,0.11,0.15,0.13,0.60,0.05,0.00,0.54,0.92,0.00,0.00,6.47,0.02,0.04,0.18,0.21,0.01,25.23,0.28,0.03,0.14,0.04,0.00,0.00,0.84,0.01,0.36,0.72,0.00,0.08
28,3,2010-07-26,Low Traffic,18.03,0.35,0.10,1.09,0.17,0.67,1.52,2.50,0.03,1.15,0.13,0.12,0.00,0.19,0.02,0.29,0.03,0.00,0.07,0.00,0.02,0.01,0.01,0.33,1.51,0.06,0.03,0.22,1.99,0.05,0.00,0.00,0.02,0.23,0.06,0.63,0.03,0.01,0.01,0.00,0.00,0.00,0.02,0.03,0.00,0.00,0.11,0.01,0.09,0.05,0.00,0.13,0.11,0.01,0.00,0.00,0.01,0.01,0.00,0.04,0.05,0.02,0.04,0.00,0.01,0.15,0.48,0.03,0.05,0.04,0.00,0.00,0.06,0.00,0.00,0.03,0.04,0.07,0.01,0.07,0.00,0.00,0.00,0.00,0.00,0.03,0.01,0.01,0.00,0.00,0.02,0.33,0.00,0.00,0.01,0.02,0.01,0.01,0.01,0.01,0.00,0.05,0.04,0.00,0.01,0.05,0.01,0.01,0.00,0.07,0.21,0.01,0.00,0.03,0.00,0.04,0.08,0.03,0.01,0.13,0.00,0.02,0.05,0.11,0.03,0.03,0.02,0.19,0.01,0.00,0.09,0.04,0.00,0.00,0.07,0.00,0.00,0.02,0.02,0.01,0.33,0.01,0.01,0.02,0.00,0.00,0.03,0.08,0.01,0.05,0.16,0.01,0.01
29,1,2010-08-12,Low Traffic,24.98,0.92,0.00,1.47,0.30,1.01,1.08,2.51,0.05,1.15,0.50,0.12,0.00,0.33,0.03,0.83,0.07,0.01,0.06,0.00,0.05,0.03,0.02,1.06,1.53,0.08,0.08,0.51,0.53,0.10,0.01,0.00,0.05,0.42,0.11,0.67,0.07,0.01,0.01,0.00,0.00,0.00,0.05,0.07,0.00,0.00,0.29,0.01,0.27,0.06,0.00,0.35,0.12,0.02,0.00,0.01,0.02,0.01,0.01,0.04,0.15,0.04,0.04,0.01,0.01,0.29,0.47,0.05,0.28,0.13,0.00,0.44,0.07,0.00,0.00,0.00,0.07,0.13,0.01,0.35,0.00,0.01,0.00,0.00,0.00,0.09,0.03,0.03,0.00,0.00,0.07,1.07,0.06,0.01,0.01,0.04,0.01,0.02,0.01,0.03,0.01,0.07,0.07,0.00,0.01,0.14,0.01,0.02,0.01,0.29,0.83,0.03,0.00,0.03,0.00,0.04,0.25,0.07,0.01,0.07,0.01,0.05,0.11,0.02,0.06,0.05,0.05,0.03,0.01,0.00,0.18,0.11,0.00,0.01,0.20,0.01,0.01,0.04,0.02,0.01,0.41,0.02,0.01,0.03,0.01,0.00,0.02,0.17,0.03,0.05,0.15,0.01,0.02
29,2,2010-08-16,High Traffic,43.67,1.76,0.00,2.86,0.68,3.61,1.15,2.63,0.09,1.25,0.85,0.12,0.00,0.56,0.11,1.55,0.22,0.01,0.07,0.00,0.14,0.01,0.04,2.66,1.57,0.15,0.21,1.16,0.90,0.31,0.00,0.00,0.14,0.67,0.42,0.63,0.16,0.05,0.10,0.00,0.00,0.00,0.12,0.19,0.00,0.00,0.76,0.03,0.57,0.11,0.00,0.65,0.17,0.05,0.00,0.03,0.07,0.07,0.02,0.05,0.33,0.10,0.04,0.00,0.06,0.75,0.49,0.11,0.41,0.22,0.03,0.48,0.07,0.00,0.01,0.00,0.29,0.42,0.02,0.35,0.00,0.01,0.00,0.00,0.00,0.13,0.05,0.07,0.00,0.00,0.13,2.39,0.11,0.04,0.01,0.11,0.01,0.04,0.02,0.03,0.00,0.06,0.12,0.01,0.03,0.25,0.02,0.03,0.04,0.31,0.94,0.02,0.00,0.07,0.00,0.04,0.38,0.11,0.03,0.15,0.01,0.09,0.25,0.05,0.12,0.12,0.11,0.11,0.01,0.00,0.44,0.17,0.00,0.01,0.20,0.01,0.01,0.09,0.03,0.01,1.11,0.05,0.03,0.08,0.02,0.01,0.03,0.30,0.01,0.15,0.35,0.01,0.03
29,3,2010-08-25,Indoors,80.02,1.49,0.00,2.60,0.82,3.24,4.44,2.56,0.12,1.27,1.96,0.11,0.01,0.68,0.13,2.11,0.19,0.02,0.06,0.01,0.12,0.01,0.08,4.43,1.76,0.13,0.29,3.04,4.08,0.26,0.00,0.00,0.12,0.65,0.34,0.54,0.19,0.04,0.14,0.00,0.01,0.00,0.18,0.25,0.00,0.00,0.94,0.03,0.74,0.11,0.01,0.84,0.27,0.05,0.00,0.03,0.07,0.05,0.04,0.10,0.43,0.14,0.05,0.03,0.04,0.70,0.43,0.37,1.55,0.73,0.00,2.66,0.07,0.00,0.00,0.00,0.64,0.51,0.01,2.55,0.00,0.01,0.00,0.00,0.00,0.60,0.15,0.19,0.00,0.00,0.39,3.50,0.19,0.07,0.01,0.16,0.01,0.09,0.03,0.16,0.01,0.03,0.19,0.02,0.06,0.35,0.03,0.04,0.03,0.52,1.45,0.03,0.14,0.19,0.00,0.00,0.60,0.24,0.03,0.34,0.03,0.10,0.27,0.06,0.13,0.13,0.11,0.21,0.01,0.00,0.45,0.36,0.00,0.00,3.34,0.01,0.02,0.11,0.08,0.01,10.77,0.10,0.03,0.10,0.03,0.00,0.03,0.33,0.03,0.18,0.39,0.01,0.05
30,1,2010-06-21,Low Traffic,14.98,0.64,0.15,1.49,0.21,0.57,0.95,2.26,0.02,1.03,0.14,0.10,0.00,0.21,0.02,0.27,0.03,0.01,0.06,0.00,0.02,0.01,0.01,0.27,1.25,0.06,0.03,0.20,0.86,0.03,0.01,0.00,0.01,0.21,0.04,0.68,0.01,0.01,0.01,0.00,0.00,0.00,0.02,0.03,0.00,0.00,0.10,0.00,0.08,0.06,0.00,0.11,0.09,0.01,0.00,0.00,0.00,0.01,0.01,0.04,0.04,0.01,0.03,0.00,0.01,0.17,0.37,0.02,0.05,0.03,0.01,0.07,0.05,0.00,0.01,0.02,0.08,0.04,0.00,0.05,0.00,0.00,0.00,0.00,0.00,0.02,0.01,0.00,0.00,0.00,0.01,0.32,0.03,0.01,0.00,0.01,0.01,0.01,0.00,0.01,0.00,0.05,0.03,0.00,0.01,0.03,0.00,0.01,0.01,0.04,0.11,0.01,0.00,0.01,0.00,0.02,0.05,0.03,0.01,0.03,0.00,0.01,0.03,0.07,0.01,0.01,0.01,0.01,0.01,0.00,0.04,0.04,0.00,0.00,0.05,0.00,0.00,0.01,0.01,0.00,0.07,0.01,0.00,0.01,0.01,0.00,0.01,0.06,0.01,0.02,0.08,0.00,0.01
31,1,2010-06-16,Indoors,70.30,1.01,0.00,2.30,0.37,1.49,10.66,2.76,0.05,1.22,0.90,0.12,0.00,0.37,0.06,1.08,0.07,0.01,0.05,0.00,0.05,0.01,0.03,1.60,1.75,0.07,0.00,1.82,2.33,0.13,0.00,0.00,0.00,12.19,0.14,0.68,0.09,0.02,0.05,0.00,0.00,0.00,0.14,0.12,0.00,0.00,0.45,0.00,0.41,0.06,0.00,0.52,0.18,0.00,0.00,0.00,0.01,0.00,0.03,0.10,0.22,0.08,0.05,0.00,0.02,0.49,0.54,0.13,0.43,0.22,0.00,0.56,0.04,0.00,0.00,0.00,0.35,0.19,0.00,0.37,0.00,0.00,0.00,0.00,0.00,0.20,0.04,0.05,0.00,0.00,0.08,4.10,0.12,0.04,0.01,0.08,0.00,0.04,0.02,0.02,0.00,0.04,0.10,0.00,0.00,0.14,0.02,0.00,0.00,0.33,0.80,0.01,0.00,0.08,0.00,0.00,0.35,0.15,0.02,0.23,0.00,0.06,0.17,0.06,0.08,0.08,0.07,0.19,0.00,0.04,0.28,0.28,0.00,0.00,1.29,0.01,0.01,0.07,0.05,0.00,10.46,0.04,0.02,0.00,0.00,0.00,0.00,0.27,0.01,0.13,0.31,0.00,0.02
31,2,2010-07-14,High Traffic,46.71,1.92,0.65,3.21,0.77,2.23,1.21,2.65,0.09,1.16,0.90,0.12,0.00,0.58,0.11,1.69,0.19,0.01,0.06,0.01,0.13,0.02,0.05,3.49,1.49,0.16,0.21,1.45,1.19,0.31,0.00,0.00,0.14,0.66,0.41,0.77,0.24,0.05,0.03,0.00,0.00,0.00,0.14,0.21,0.01,0.00,1.01,0.03,0.77,0.11,0.00,0.86,0.15,0.05,0.00,0.03,0.07,0.07,0.03,0.05,0.46,0.09,0.03,0.00,0.06,0.75,0.44,0.17,0.43,0.17,0.03,0.49,0.05,0.00,0.00,0.00,0.17,0.32,0.01,0.39,0.00,0.01,0.00,0.00,0.00,0.20,0.05,0.07,0.00,0.00,0.09,2.45,0.13,0.05,0.01,0.12,0.01,0.06,0.03,0.03,0.00,0.07,0.15,0.00,0.04,0.19,0.03,0.03,0.04,0.40,1.25,0.01,0.00,0.06,0.00,0.05,0.43,0.17,0.03,0.16,0.02,0.09,0.26,0.07,0.13,0.14,0.11,0.13,0.01,0.00,0.49,0.28,0.00,0.01,0.12,0.01,0.01,0.11,0.05,0.01,0.86,0.05,0.03,0.09,0.00,0.00,0.00,0.43,0.01,0.13,0.63,0.00,0.02
31,3,2010-07-21,Low Traffic,28.76,0.85,0.35,2.68,0.35,1.12,1.37,2.63,0.05,1.17,0.39,0.12,0.00,0.39,0.05,0.79,0.06,0.01,0.07,0.00,0.04,0.02,0.02,0.98,1.53,0.07,0.07,0.49,0.79,0.09,0.00,0.00,0.04,0.28,0.11,0.66,0.06,0.01,0.02,0.00,0.00,0.00,0.05,0.07,0.00,0.00,0.27,0.01,0.24,0.05,0.00,0.28,0.15,0.02,0.00,0.01,0.02,0.02,0.01,0.05,0.13,0.05,0.03,0.00,0.01,0.27,0.45,0.08,0.31,0.17,0.02,0.39,0.06,0.00,0.00,0.00,0.21,0.17,0.01,0.31,0.00,0.01,0.00,0.00,0.00,0.12,0.03,0.03,0.00,0.00,0.05,2.24,0.07,0.02,0.01,0.05,0.01,0.03,0.01,0.01,0.01,0.05,0.07,0.00,0.02,0.21,0.01,0.02,0.07,0.13,0.35,0.01,0.00,0.03,0.00,0.06,0.14,0.06,0.01,0.16,0.01,0.03,0.08,0.04,0.03,0.03,0.03,0.13,0.01,0.00,0.15,0.10,0.00,0.01,0.10,0.01,0.01,0.03,0.03,0.01,1.36,0.02,0.01,0.05,0.00,0.00,0.03,0.18,0.03,0.10,0.38,0.01,0.05
32,1,2010-06-02,Low Traffic,25.10,0.51,0.22,2.04,0.18,1.29,0.81,2.59,0.03,1.24,0.39,0.12,0.00,0.41,0.02,0.80,0.04,0.00,0.06,0.00,0.03,0.03,0.02,0.81,1.62,0.05,0.05,0.36,1.26,0.06,0.00,0.00,0.03,0.35,0.07,0.77,0.04,0.01,0.01,0.00,0.00,0.00,0.04,0.06,0.00,0.00,0.26,0.00,0.29,0.05,0.00,0.46,0.11,0.01,0.00,0.00,0.00,0.00,0.01,0.07,0.15,0.04,0.05,0.00,0.01,0.21,0.52,0.07,0.17,0.10,0.00,0.00,0.07,0.00,0.00,0.00,0.18,0.10,0.00,0.18,0.00,0.00,0.00,0.00,0.00,0.14,0.02,0.03,0.00,0.00,0.04,0.84,0.10,0.03,0.00,0.07,0.01,0.05,0.03,0.01,0.00,0.08,0.15,0.00,0.00,0.10,0.01,0.00,0.05,0.14,0.36,0.02,0.00,0.03,0.00,0.05,0.13,0.11,0.02,0.11,0.00,0.04,0.08,0.03,0.04,0.04,0.03,0.00,0.00,0.00,0.13,0.12,0.00,0.01,0.42,0.00,0.01,0.04,0.02,0.01,1.04,0.02,0.01,0.00,0.00,0.00,0.00,0.21,0.04,0.12,0.36,0.00,0.06
32,2,2010-06-07,High Traffic,18.33,0.46,0.00,1.62,0.21,0.82,0.93,2.76,0.02,1.21,0.15,0.12,0.00,0.27,0.03,0.34,0.03,0.00,0.05,0.00,0.02,0.02,0.01,0.38,1.71,0.06,0.03,0.26,0.44,0.04,0.00,0.00,0.02,0.27,0.05,0.79,0.02,0.01,0.00,0.00,0.00,0.00,0.03,0.03,0.00,0.00,0.09,0.00,0.10,0.05,0.00,0.10,0.11,0.00,0.00,0.00,0.00,0.00,0.00,0.06,0.04,0.02,0.05,0.00,0.01,0.16,0.56,0.03,0.08,0.05,0.00,0.11,0.05,0.00,0.00,0.00,0.12,0.06,0.00,0.09,0.00,0.00,0.00,0.00,0.00,0.04,0.01,0.01,0.00,0.00,0.03,0.44,0.05,0.00,0.00,0.02,0.00,0.01,0.00,0.01,0.00,0.06,0.06,0.00,0.00,0.05,0.00,0.00,0.00,0.07,0.20,0.01,0.00,0.02,0.00,0.04,0.08,0.05,0.01,0.08,0.00,0.02,0.06,0.07,0.03,0.03,0.02,0.08,0.03,0.00,0.10,0.10,0.00,0.00,0.32,0.00,0.00,0.03,0.02,0.00,0.53,0.01,0.01,0.00,0.00,0.00,0.03,0.13,0.01,0.05,0.15,0.00,0.00
32,3,2010-08-06,Indoors,37.14,1.72,0.00,1.99,0.77,0.80,1.83,2.89,0.10,1.33,0.45,0.13,0.00,0.68,0.19,0.68,0.09,0.01,0.07,0.01,0.07,0.01,0.03,1.18,1.84,0.11,0.13,1.40,2.43,0.13,0.01,0.00,0.00,0.27,0.17,0.69,0.07,0.04,0.03,0.00,0.01,0.00,0.06,0.09,0.01,0.00,0.37,0.01,0.27,0.10,0.00,0.41,0.14,0.03,0.00,0.01,0.03,0.03,0.02,0.05,0.23,0.07,0.05,0.00,0.03,0.57,0.55,0.25,0.32,0.19,0.02,0.43,0.07,0.00,0.00,0.00,0.13,0.19,0.01,0.29,0.00,0.01,0.00,0.00,0.00,0.18,0.05,0.06,0.00,0.00,0.07,1.63,0.08,0.03,0.01,0.07,0.01,0.03,0.01,0.03,0.00,0.03,0.11,0.00,0.03,0.09,0.01,0.03,0.01,0.27,0.65,0.02,0.00,0.11,0.00,0.00,0.31,0.10,0.02,0.16,0.01,0.05,0.15,0.09,0.07,0.07,0.06,0.19,0.01,0.00,0.23,0.16,0.00,0.00,1.53,0.01,0.01,0.06,0.05,0.01,1.97,0.03,0.01,0.04,0.01,0.00,0.00,0.22,0.01,0.14,0.29,0.01,0.03
33,1,2010-06-21,High Traffic,34.54,2.31,0.78,2.35,0.84,1.07,1.63,2.27,0.12,1.02,0.59,0.10,0.00,0.62,0.16,1.07,0.16,0.01,0.06,0.01,0.11,0.01,0.03,1.63,1.24,0.11,0.15,0.88,0.59,0.21,0.01,0.00,0.10,0.23,0.29,0.63,0.10,0.04,0.07,0.00,0.01,0.00,0.09,0.15,0.01,0.00,0.65,0.02,0.48,0.09,0.00,0.55,0.12,0.04,0.00,0.03,0.05,0.05,0.02,0.05,0.25,0.09,0.03,0.00,0.05,0.77,0.38,0.07,0.31,0.17,0.02,0.34,0.05,0.00,0.00,0.00,0.20,0.28,0.03,0.23,0.00,0.01,0.00,0.00,0.00,0.09,0.04,0.05,0.00,0.00,0.08,2.39,0.08,0.03,0.01,0.08,0.01,0.02,0.01,0.03,0.00,0.03,0.09,0.00,0.01,0.28,0.01,0.02,0.01,0.25,0.80,0.01,0.00,0.06,0.00,0.03,0.31,0.08,0.02,0.05,0.01,0.06,0.21,0.07,0.11,0.10,0.09,0.07,0.01,0.03,0.35,0.12,0.00,0.01,0.07,0.01,0.01,0.07,0.02,0.01,0.33,0.03,0.02,0.05,0.00,0.01,0.01,0.16,0.01,0.09,0.17,0.00,0.01
33,2,2010-07-27,Low Traffic,26.41,0.90,0.00,1.90,0.33,0.85,1.00,2.51,0.07,1.19,0.29,0.12,0.00,0.30,0.04,0.66,0.07,0.01,0.07,0.00,0.05,0.01,0.02,1.06,1.57,0.07,0.07,0.72,3.45,0.11,0.00,0.00,0.05,0.27,0.13,0.63,0.07,0.02,0.01,0.00,0.00,0.00,0.05,0.09,0.00,0.00,0.31,0.01,0.23,0.07,0.00,0.21,0.11,0.01,0.00,0.01,0.02,0.02,0.01,0.05,0.12,0.05,0.04,0.00,0.02,0.43,0.50,0.05,0.13,0.09,0.00,0.15,0.07,0.00,0.00,0.00,0.08,0.16,0.01,0.12,0.00,0.01,0.00,0.00,0.00,0.07,0.02,0.03,0.00,0.00,0.05,0.85,0.05,0.01,0.01,0.04,0.01,0.02,0.01,0.01,0.01,0.07,0.08,0.00,0.01,0.07,0.01,0.02,0.04,0.11,0.32,0.02,0.00,0.04,0.01,0.04,0.15,0.05,0.01,0.17,0.00,0.03,0.09,0.07,0.05,0.04,0.04,0.19,0.01,0.00,0.16,0.07,0.00,0.01,0.15,0.01,0.01,0.04,0.03,0.01,0.58,0.02,0.01,0.04,0.00,0.00,0.03,0.13,0.03,0.09,0.20,0.01,0.02
33,3,2010-08-24,Indoors,98.64,1.07,0.28,10.11,0.43,2.91,2.19,4.94,0.05,1.43,1.81,0.13,0.01,0.51,0.06,1.41,0.10,0.02,0.07,0.00,0.07,0.02,0.03,2.38,1.63,0.09,0.17,2.59,4.25,0.16,0.01,0.00,0.07,1.80,0.19,0.64,0.12,0.03,0.04,0.00,0.00,0.00,0.17,0.18,0.00,0.00,0.81,0.01,0.77,0.09,0.01,2.33,0.29,0.03,0.00,0.00,0.00,0.03,0.05,0.15,0.80,0.12,0.05,0.02,0.03,0.49,0.43,0.83,0.61,0.28,0.00,0.77,0.07,0.02,0.00,0.00,1.04,0.32,0.01,0.69,0.00,0.01,0.00,0.00,0.00,0.45,0.07,0.09,0.00,0.00,0.11,2.50,0.15,0.07,0.01,0.14,0.01,0.08,0.03,0.03,0.00,0.09,0.22,0.03,0.08,0.37,0.03,0.04,0.06,0.41,1.13,0.03,0.00,0.41,0.00,0.00,0.56,0.20,0.04,0.61,0.03,0.10,0.27,0.23,0.13,0.13,0.12,0.73,0.03,0.00,0.49,0.34,0.00,0.00,4.96,0.01,0.02,0.12,0.26,0.01,27.72,0.13,0.03,0.09,0.00,0.00,0.01,0.38,0.01,0.25,0.61,0.00,0.06
34,1,2010-06-24,Indoors,135.40,3.05,1.00,2.76,0.97,1.82,21.02,2.41,0.13,1.47,1.25,0.11,0.02,0.89,0.18,1.70,0.20,0.02,0.07,0.01,0.13,0.03,0.07,3.71,1.39,0.15,0.27,2.67,4.87,0.32,0.01,0.00,0.15,0.41,0.41,0.71,0.17,0.07,0.03,0.00,0.01,0.00,0.18,0.26,0.00,0.00,1.27,0.03,0.89,0.16,0.01,1.46,0.42,0.07,0.00,0.03,0.13,0.08,0.20,0.21,1.06,0.67,0.04,0.08,0.09,1.08,0.42,5.51,2.73,0.99,0.03,2.72,0.05,0.00,0.00,0.00,1.57,0.41,0.02,2.16,0.00,0.02,0.00,0.00,0.00,1.54,0.13,0.17,0.00,0.00,0.14,4.61,0.27,0.11,0.01,0.25,0.01,0.15,0.05,0.05,0.01,0.07,0.32,0.04,0.11,0.51,0.05,0.05,0.03,0.70,2.07,0.01,0.00,0.35,0.00,0.00,0.99,0.33,0.05,0.53,0.05,0.14,0.42,0.17,0.21,0.21,0.18,0.41,0.02,0.00,0.76,0.55,0.00,0.01,4.38,0.01,0.03,0.19,0.19,0.01,32.68,0.00,0.05,0.16,0.03,0.00,0.00,0.49,0.02,0.25,0.31,0.01,0.03
34,2,2010-07-07,High Traffic,54.30,1.57,0.79,2.73,0.57,2.42,2.67,2.45,0.10,1.17,2.72,0.11,0.00,0.74,0.10,3.87,0.43,0.02,0.07,0.01,0.27,0.01,0.07,5.39,1.48,0.21,0.37,2.13,1.45,0.60,0.01,0.00,0.27,0.63,0.75,0.73,0.24,0.08,0.03,0.00,0.02,0.00,0.19,0.25,0.01,0.00,1.17,0.05,0.81,0.15,0.00,0.85,0.15,0.07,0.00,0.03,0.08,0.08,0.03,0.05,0.41,0.10,0.03,0.01,0.07,0.77,0.41,0.13,0.38,0.17,0.03,0.42,0.05,0.00,0.01,0.00,0.26,0.27,0.02,0.28,0.00,0.01,0.00,0.00,0.00,0.15,0.04,0.05,0.00,0.00,0.08,2.69,0.11,0.04,0.01,0.09,0.01,0.05,0.02,0.02,0.01,0.06,0.13,0.00,0.03,0.20,0.02,0.02,0.05,0.27,0.84,0.01,0.00,0.07,0.00,0.06,0.33,0.11,0.03,0.10,0.01,0.07,0.20,0.03,0.10,0.10,0.09,0.07,0.01,0.00,0.41,0.19,0.00,0.01,0.11,0.01,0.01,0.08,0.03,0.01,0.94,0.05,0.02,0.10,0.02,0.00,0.03,0.29,0.01,0.16,0.37,0.00,0.02
34,3,2010-07-20,Low Traffic,29.16,0.99,0.29,1.47,0.30,3.18,0.91,2.59,0.06,1.22,0.65,0.12,0.00,0.29,0.03,3.08,0.06,0.01,0.07,0.00,0.04,0.11,0.02,1.70,1.49,0.07,0.06,0.58,1.25,0.07,0.01,0.00,0.03,0.35,0.08,0.65,0.07,0.01,0.01,0.00,0.00,0.00,0.07,0.09,0.00,0.00,0.34,0.00,0.27,0.05,0.00,0.27,0.17,0.01,0.00,0.00,0.00,0.01,0.01,0.05,0.13,0.05,0.03,0.00,0.01,0.25,0.45,0.06,0.17,0.10,0.03,0.21,0.06,0.00,0.00,0.00,0.11,0.15,0.00,0.15,0.00,0.01,0.00,0.00,0.00,0.07,0.02,0.02,0.00,0.00,0.04,0.92,0.05,0.01,0.01,0.03,0.01,0.02,0.01,0.01,0.00,0.04,0.06,0.00,0.01,0.10,0.01,0.02,0.03,0.13,0.29,0.01,0.00,0.02,0.00,0.03,0.13,0.05,0.01,0.08,0.00,0.03,0.07,0.05,0.03,0.03,0.03,0.03,0.01,0.00,0.11,0.11,0.00,0.01,0.15,0.00,0.01,0.03,0.03,0.00,0.45,0.01,0.01,0.03,0.00,0.00,0.00,0.15,0.01,0.07,0.23,0.00,0.03
35,1,2010-07-08,High Traffic,68.21,2.78,0.91,4.72,0.99,3.19,1.65,2.89,0.15,1.28,2.21,0.12,0.00,0.95,0.18,4.17,0.52,0.02,0.07,0.01,0.34,0.02,0.09,7.15,1.67,0.26,0.47,2.61,0.94,0.79,0.01,0.00,0.34,0.64,1.01,0.73,0.37,0.11,0.03,0.00,0.03,0.00,0.25,0.34,0.01,0.00,1.64,0.07,1.14,0.19,0.00,1.13,0.19,0.09,0.00,0.05,0.11,0.11,0.03,0.05,0.60,0.13,0.03,0.02,0.11,1.20,0.43,0.24,0.50,0.22,0.03,0.55,0.05,0.00,0.00,0.00,0.26,0.41,0.02,0.39,0.00,0.01,0.00,0.00,0.00,0.24,0.07,0.08,0.00,0.00,0.11,3.91,0.16,0.06,0.01,0.15,0.01,0.07,0.03,0.03,0.00,0.07,0.17,0.00,0.05,0.11,0.03,0.03,0.04,0.42,1.34,0.02,0.00,0.09,0.00,0.06,0.51,0.16,0.03,0.09,0.02,0.11,0.35,0.03,0.18,0.17,0.15,0.07,0.02,0.00,0.70,0.27,0.00,0.01,0.12,0.01,0.01,0.13,0.04,0.01,1.10,0.07,0.03,0.11,0.03,0.01,0.00,0.47,0.01,0.21,0.57,0.00,0.03
35,2,2010-08-05,Low Traffic,23.26,0.50,0.00,1.78,0.21,1.63,0.88,2.61,0.05,1.27,0.30,0.12,0.00,0.24,0.02,0.59,0.04,0.01,0.07,0.00,0.03,0.01,0.01,0.63,1.57,0.05,0.05,0.39,2.06,0.06,0.00,0.00,0.03,0.25,0.07,0.65,0.04,0.01,0.01,0.00,0.00,0.00,0.03,0.04,0.00,0.00,0.17,0.01,0.13,0.03,0.00,0.15,0.11,0.01,0.00,0.01,0.01,0.01,0.01,0.05,0.08,0.03,0.04,0.00,0.01,0.31,0.51,0.05,0.14,0.07,0.00,0.18,0.07,0.00,0.01,0.00,0.14,0.08,0.00,0.15,0.00,0.00,0.00,0.00,0.00,0.05,0.01,0.02,0.00,0.00,0.03,1.01,0.04,0.01,0.00,0.02,0.01,0.01,0.01,0.01,0.00,0.03,0.05,0.00,0.01,0.05,0.01,0.02,0.04,0.08,0.23,0.01,0.00,0.03,0.00,0.03,0.10,0.04,0.01,0.17,0.00,0.02,0.05,0.06,0.03,0.03,0.03,0.12,0.01,0.00,0.11,0.05,0.00,0.01,0.17,0.00,0.00,0.03,0.03,0.01,0.98,0.01,0.01,0.03,0.00,0.00,0.02,0.12,0.01,0.08,0.22,0.01,0.03
35,3,2010-09-02,Indoors,112.06,2.33,0.00,3.15,0.72,2.83,2.31,2.43,0.12,1.45,1.81,0.11,0.01,0.75,0.12,2.05,0.17,0.02,0.07,0.00,0.11,0.01,0.09,5.25,1.45,0.13,0.00,3.44,12.79,0.30,0.01,0.00,0.13,0.47,0.37,0.56,0.21,0.05,0.03,0.00,0.02,0.00,0.25,0.31,0.00,0.00,1.05,0.03,0.75,0.11,0.00,0.89,0.41,0.05,0.00,0.03,0.15,0.05,0.05,0.18,0.49,0.21,0.05,0.03,0.05,0.82,0.43,0.60,1.16,0.79,0.03,2.11,0.07,0.00,0.03,0.00,1.37,0.61,0.00,1.51,0.00,0.01,0.00,0.00,0.21,0.68,0.17,0.21,0.00,0.00,0.25,4.33,0.23,0.09,0.01,0.21,0.01,0.13,0.04,0.08,0.00,0.05,0.27,0.04,0.10,0.38,0.05,0.05,0.07,1.09,2.75,0.02,0.00,0.37,0.00,0.00,1.55,0.26,0.05,0.53,0.03,0.14,0.39,0.06,0.19,0.21,0.17,0.52,0.02,0.00,0.72,0.53,0.00,0.00,3.53,0.01,0.03,0.18,0.12,0.01,28.13,0.20,0.04,0.15,0.00,0.00,0.00,0.80,0.01,0.33,0.69,0.00,0.08
36,1,2010-08-10,Low Traffic,26.64,0.74,0.28,1.51,0.29,1.09,0.93,2.46,0.05,1.17,0.37,0.11,0.00,0.31,0.03,0.77,0.07,0.01,0.07,0.00,0.05,0.02,0.02,1.21,1.48,0.07,0.10,0.63,0.93,0.15,0.00,0.00,0.07,0.29,0.20,0.64,0.09,0.03,0.01,0.00,0.00,0.00,0.07,0.11,0.00,0.00,0.46,0.02,0.37,0.09,0.00,0.36,0.11,0.03,0.00,0.03,0.05,0.05,0.01,0.05,0.21,0.07,0.04,0.00,0.05,0.42,0.47,0.08,0.29,0.16,0.03,0.35,0.06,0.00,0.00,0.00,0.16,0.31,0.01,0.23,0.00,0.01,0.00,0.00,0.00,0.10,0.05,0.05,0.00,0.00,0.09,1.47,0.12,0.04,0.01,0.09,0.01,0.03,0.01,0.03,0.00,0.05,0.09,0.00,0.02,0.07,0.01,0.02,0.02,0.23,0.61,0.01,0.00,0.03,0.00,0.03,0.25,0.06,0.02,0.10,0.00,0.06,0.15,0.02,0.07,0.06,0.06,0.05,0.01,0.00,0.24,0.08,0.00,0.01,0.07,0.01,0.01,0.05,0.02,0.01,0.40,0.03,0.01,0.05,0.01,0.00,0.01,0.13,0.01,0.07,0.21,0.00,0.02
36,2,2010-08-27,High Traffic,48.11,2.59,0.00,2.67,0.93,4.92,1.32,2.55,0.11,1.09,1.02,0.11,0.00,0.66,0.15,2.01,0.26,0.01,0.05,0.01,0.19,0.01,0.06,3.15,3.44,0.13,0.25,1.27,0.27,0.31,0.00,0.00,0.15,0.33,0.46,0.58,0.15,0.06,0.17,0.00,0.01,0.00,0.12,0.20,0.00,0.00,0.74,0.03,0.62,0.09,0.00,0.66,0.13,0.05,0.00,0.03,0.06,0.05,0.01,0.04,0.31,0.11,0.03,0.00,0.05,0.91,0.45,0.08,0.45,0.27,0.03,0.48,0.07,0.00,0.00,0.00,0.13,0.46,0.01,0.25,0.00,0.01,0.00,0.00,0.00,0.09,0.05,0.06,0.00,0.00,0.13,3.25,0.11,0.04,0.01,0.10,0.01,0.03,0.01,0.03,0.00,0.02,0.09,0.00,0.02,0.09,0.01,0.03,0.00,0.44,1.31,0.03,0.00,0.05,0.00,0.01,0.44,0.10,0.03,0.05,0.01,0.07,0.25,0.03,0.11,0.12,0.11,0.03,0.01,0.00,0.39,0.16,0.00,0.00,0.09,0.01,0.01,0.09,0.05,0.00,0.65,0.05,0.02,0.08,0.02,0.01,0.00,0.25,0.01,0.13,0.33,0.00,0.01
36,3,2010-08-31,Indoors,98.00,2.39,0.00,2.76,0.78,3.25,2.35,2.55,0.13,1.41,1.91,0.11,0.01,0.81,0.13,2.07,0.25,0.02,0.07,0.01,0.16,0.01,0.10,4.79,1.52,0.15,0.40,2.74,5.46,0.40,0.01,0.00,0.18,0.42,0.51,0.58,0.21,0.05,0.02,0.00,0.02,0.00,0.17,0.28,0.01,0.00,1.03,0.03,0.75,0.11,0.00,0.89,0.32,0.06,0.00,0.03,0.11,0.07,0.04,0.16,0.47,0.19,0.05,0.03,0.05,0.83,0.45,0.47,1.01,0.56,0.03,1.49,0.07,0.00,0.00,0.00,1.43,0.57,0.00,1.35,0.00,0.01,0.00,0.00,0.00,0.48,0.13,0.15,0.00,0.00,0.27,4.00,0.21,0.08,0.01,0.19,0.01,0.11,0.04,0.09,0.00,0.03,0.23,0.04,0.09,0.38,0.05,0.05,0.05,0.85,2.67,0.02,0.00,0.28,0.00,0.00,1.08,0.22,0.05,0.43,0.03,0.13,0.36,0.09,0.17,0.18,0.16,0.49,0.02,0.00,0.63,0.39,0.00,0.00,3.97,0.01,0.02,0.16,0.11,0.01,25.12,0.20,0.04,0.15,0.04,0.00,0.00,0.40,0.02,0.31,0.53,0.01,0.07
37,1,2010-07-08,Low Traffic,119.90,1.05,0.45,1.73,0.38,1.04,1.15,2.37,0.06,1.16,0.52,0.11,0.00,0.39,0.05,0.97,0.08,0.01,0.07,0.00,0.05,0.02,0.02,1.62,1.44,0.14,0.09,0.67,3.19,0.13,0.01,0.00,0.05,0.23,0.15,0.75,0.13,0.02,0.01,0.00,0.00,0.00,0.09,0.20,0.00,0.00,1.23,0.00,1.17,0.09,0.00,1.67,0.13,0.02,0.00,0.01,0.03,0.03,0.14,0.05,0.57,0.23,0.03,0.03,0.02,0.39,0.41,0.13,1.04,0.37,0.03,1.19,0.05,0.00,0.00,0.00,0.13,0.13,0.00,0.77,0.00,0.01,0.00,0.00,0.00,0.22,0.04,0.05,0.00,0.00,0.04,83.05,0.13,0.05,0.01,0.10,0.01,0.12,0.05,0.01,0.00,0.10,0.14,0.02,0.07,0.05,0.05,0.04,0.03,0.35,1.07,0.01,0.00,0.04,0.00,0.10,0.39,0.10,0.01,0.09,0.01,0.04,0.09,0.02,0.05,0.05,0.04,0.07,0.03,0.00,0.17,0.13,0.00,0.00,0.07,0.00,0.01,0.04,0.03,0.00,1.14,0.02,0.01,0.04,0.01,0.00,0.04,0.21,0.01,0.11,0.23,0.00,0.01
37,2,2010-07-15,Indoors,156.11,2.36,0.87,3.08,0.91,3.58,4.29,2.65,0.11,1.49,2.42,0.12,0.01,0.91,0.13,3.09,0.23,0.03,0.07,0.01,0.15,0.02,0.09,6.12,1.48,0.19,0.35,3.83,5.88,0.37,0.01,0.00,0.17,0.59,0.43,0.63,0.29,0.06,0.04,0.00,0.02,0.00,0.29,0.33,0.00,0.00,1.37,0.03,0.95,0.13,0.01,1.05,0.50,0.07,0.00,0.03,0.16,0.07,0.06,0.22,0.57,0.17,0.05,0.04,0.07,0.86,0.43,0.60,1.35,0.56,0.00,2.15,0.05,0.00,0.03,0.00,1.01,0.47,0.00,2.41,0.00,0.01,0.00,0.00,0.00,0.71,0.16,0.19,0.00,0.00,0.30,4.95,0.29,0.11,0.01,0.27,0.01,0.19,0.07,0.14,0.00,0.04,0.35,0.06,0.16,1.31,0.07,0.07,0.03,0.75,2.16,0.01,0.00,0.35,0.00,0.00,0.99,0.37,0.05,0.92,0.05,0.12,0.31,0.17,0.15,0.16,0.14,0.71,0.02,0.00,0.58,0.53,0.00,0.00,3.32,0.01,0.03,0.16,0.15,0.01,68.89,0.00,0.04,0.15,0.00,0.00,0.00,0.86,0.02,0.28,0.90,0.00,0.07
37,3,2010-07-22,High Traffic,61.17,3.13,1.19,2.38,1.45,2.67,2.13,2.73,0.20,1.21,1.03,0.13,0.00,1.14,0.27,2.36,0.31,0.01,0.07,0.01,0.20,0.02,0.07,4.05,1.55,0.19,0.32,2.85,1.65,0.45,0.01,0.00,0.20,0.25,0.64,0.67,0.21,0.07,0.01,0.00,0.02,0.00,0.19,0.30,0.01,0.00,1.17,0.05,0.89,0.16,0.00,0.95,0.21,0.07,0.00,0.05,0.09,0.09,0.03,0.05,0.49,0.23,0.03,0.01,0.09,1.09,0.45,0.15,0.51,0.45,0.03,0.57,0.06,0.00,0.00,0.00,0.20,0.91,0.02,0.37,0.00,0.01,0.00,0.00,0.00,0.15,0.09,0.11,0.00,0.00,0.24,6.19,0.14,0.05,0.01,0.14,0.01,0.04,0.02,0.07,0.00,0.05,0.13,0.00,0.03,0.08,0.02,0.03,0.02,0.49,1.54,0.01,0.00,0.09,0.00,0.05,0.55,0.11,0.04,0.13,0.01,0.11,0.33,0.13,0.16,0.16,0.15,0.16,0.02,0.00,0.59,0.26,0.00,0.01,0.11,0.01,0.01,0.13,0.05,0.01,0.86,0.07,0.03,0.13,0.04,0.00,0.00,0.39,0.01,0.17,0.57,0.00,0.03
38,1,2010-08-03,Low Traffic,27.38,0.67,0.00,3.16,0.24,1.81,1.65,2.58,0.05,1.24,0.52,0.12,0.00,0.25,0.03,0.99,0.05,0.01,0.07,0.00,0.04,0.01,0.01,1.23,1.59,0.06,0.06,0.57,1.03,0.07,0.00,0.00,0.03,0.31,0.09,0.63,0.07,0.01,0.01,0.00,0.00,0.00,0.05,0.07,0.00,0.00,0.31,0.01,0.23,0.05,0.00,0.29,0.15,0.01,0.00,0.01,0.01,0.01,0.01,0.05,0.13,0.04,0.04,0.00,0.01,0.41,0.51,0.05,0.17,0.10,0.00,0.21,0.07,0.00,0.00,0.00,0.15,0.15,0.00,0.14,0.00,0.01,0.00,0.00,0.00,0.06,0.02,0.03,0.00,0.00,0.04,0.97,0.05,0.02,0.00,0.04,0.01,0.02,0.01,0.01,0.00,0.08,0.07,0.00,0.01,0.13,0.01,0.02,0.02,0.15,0.42,0.01,0.00,0.04,0.00,0.02,0.17,0.06,0.01,0.15,0.00,0.03,0.09,0.04,0.05,0.04,0.04,0.10,0.01,0.00,0.17,0.09,0.00,0.01,0.11,0.01,0.01,0.04,0.03,0.01,0.45,0.02,0.01,0.04,0.01,0.00,0.01,0.15,0.01,0.10,0.25,0.01,0.03
38,2,2010-08-11,High Traffic,62.57,3.70,0.00,3.69,1.42,3.22,1.60,2.51,0.25,1.19,1.18,0.12,0.00,1.10,0.31,1.91,0.35,0.01,0.06,0.01,0.23,0.01,0.08,4.03,1.53,0.24,0.37,1.59,1.43,0.51,0.01,0.00,0.23,0.61,0.73,0.59,0.23,0.09,0.02,0.00,0.03,0.00,0.19,0.29,0.00,0.00,1.20,0.05,0.87,0.17,0.00,0.92,0.15,0.09,0.00,0.05,0.13,0.13,0.03,0.05,0.59,0.17,0.04,0.01,0.11,1.25,0.47,0.18,0.58,0.31,0.03,0.64,0.06,0.00,0.00,0.00,0.46,0.65,0.03,0.42,0.00,0.02,0.00,0.00,0.00,0.19,0.09,0.11,0.00,0.00,0.20,4.31,0.17,0.07,0.02,0.18,0.01,0.06,0.03,0.05,0.00,0.09,0.17,0.00,0.04,0.11,0.03,0.03,0.01,0.65,2.00,0.02,0.00,0.15,0.00,0.03,0.78,0.14,0.05,0.15,0.01,0.17,0.57,0.12,0.29,0.26,0.23,0.18,0.01,0.00,0.97,0.20,0.00,0.00,0.43,0.01,0.02,0.19,0.05,0.01,1.88,0.11,0.05,0.14,0.04,0.01,0.00,0.35,0.01,0.21,0.48,0.00,0.03
38,3,2010-08-17,Indoors,93.68,2.00,0.00,2.51,0.65,2.33,2.12,2.37,0.11,1.29,3.29,0.11,0.01,0.76,0.12,2.08,0.24,0.02,0.06,0.00,0.15,0.02,0.07,5.73,1.39,0.13,0.33,2.78,4.69,0.35,0.01,0.00,0.15,0.37,0.45,0.56,0.19,0.05,0.07,0.00,0.01,0.00,0.18,0.23,0.01,0.00,0.87,0.03,0.63,0.11,0.01,0.71,0.35,0.05,0.00,0.03,0.09,0.05,0.04,0.13,0.41,0.15,0.19,0.03,0.05,0.73,0.44,0.53,1.11,0.47,0.03,1.38,0.06,0.00,0.03,0.00,1.05,0.42,0.03,0.81,0.00,0.01,0.00,0.00,0.00,0.41,0.09,0.11,0.00,0.00,0.15,2.97,0.21,0.08,0.01,0.19,0.01,0.10,0.04,0.05,0.01,0.05,0.23,0.00,0.08,0.33,0.04,0.04,0.03,0.55,1.55,0.02,0.00,0.23,0.00,0.04,0.69,0.19,0.04,0.41,0.03,0.10,0.27,0.11,0.13,0.13,0.11,0.51,0.01,0.00,0.51,0.31,0.00,0.00,5.91,0.01,0.02,0.13,0.14,0.01,25.45,0.11,0.03,0.13,0.00,0.00,0.00,0.39,0.03,0.30,0.69,0.01,0.05
39,1,2010-08-26,Low Traffic,17.99,0.53,0.18,1.38,0.21,0.98,0.86,2.50,0.04,1.09,0.31,0.11,0.00,0.24,0.03,0.47,0.05,0.01,0.06,0.00,0.03,0.01,0.01,0.47,1.39,0.05,0.05,0.28,0.41,0.06,0.00,0.00,0.03,0.21,0.08,0.56,0.03,0.01,0.01,0.00,0.01,0.00,0.03,0.03,0.00,0.00,0.12,0.00,0.10,0.03,0.00,0.11,0.09,0.01,0.00,0.01,0.01,0.01,0.01,0.03,0.05,0.02,0.03,0.00,0.01,0.23,0.43,0.03,0.11,0.06,0.00,0.13,0.07,0.01,0.01,0.00,0.07,0.08,0.00,0.09,0.00,0.00,0.00,0.00,0.00,0.03,0.01,0.01,0.00,0.01,0.03,0.53,0.03,0.01,0.01,0.02,0.01,0.01,0.01,0.01,0.00,0.03,0.03,0.00,0.00,0.03,0.01,0.02,0.01,0.10,0.25,0.02,0.00,0.01,0.00,0.01,0.09,0.03,0.01,0.13,0.00,0.02,0.05,0.07,0.02,0.02,0.02,0.11,0.01,0.00,0.07,0.03,0.00,0.01,0.15,0.00,0.00,0.02,0.02,0.01,0.70,0.01,0.01,0.03,0.00,0.00,0.01,0.07,0.01,0.05,0.16,0.01,0.02
39,2,2010-09-02,High Traffic,85.73,4.41,0.00,5.69,1.57,3.87,1.58,2.52,0.26,1.23,1.93,0.11,0.00,1.15,0.33,4.34,0.38,0.03,0.07,0.01,0.24,0.02,0.10,9.24,1.50,0.26,0.49,3.78,0.68,0.63,0.00,0.00,0.28,0.42,0.86,0.57,0.46,0.09,0.06,0.00,0.03,0.00,0.29,0.52,0.00,0.00,2.12,0.08,1.55,0.20,0.00,1.57,0.21,0.11,0.00,0.08,0.14,0.14,0.03,0.06,0.84,0.32,0.03,0.02,0.13,1.43,0.45,0.26,0.93,0.72,0.04,0.98,0.07,0.00,0.00,0.00,0.25,1.11,0.05,0.61,0.00,0.03,0.00,0.00,0.00,0.29,0.13,0.16,0.00,0.00,0.31,6.19,0.27,0.11,0.03,0.27,0.01,0.10,0.05,0.08,0.00,0.08,0.24,0.00,0.06,0.22,0.04,0.04,0.07,0.81,2.65,0.02,0.00,0.15,0.00,0.20,0.96,0.23,0.06,0.11,0.02,0.22,0.74,0.04,0.36,0.38,0.31,0.00,0.01,0.00,1.40,0.29,0.00,0.00,0.20,0.01,0.02,0.24,0.05,0.00,1.13,0.13,0.06,0.22,0.05,0.01,0.00,0.43,0.01,0.27,0.55,0.00,0.04
39,3,2010-09-09,Indoors,77.64,1.17,0.36,1.82,0.40,1.25,1.51,2.55,0.05,1.11,0.41,0.12,0.00,0.39,0.07,0.60,0.08,0.01,0.06,0.00,0.05,0.02,0.02,1.14,1.53,0.10,0.16,1.67,2.21,0.15,0.01,0.00,0.07,0.29,0.20,0.65,0.06,0.03,0.01,0.00,0.00,0.00,0.05,0.09,0.00,0.00,0.35,0.01,0.35,0.08,0.00,0.68,0.29,0.03,0.00,0.02,0.03,0.03,0.01,0.04,0.24,0.06,0.03,0.00,0.03,0.33,0.46,0.09,0.27,0.17,0.00,0.32,0.08,0.00,0.01,0.00,0.06,0.19,0.01,0.18,0.00,0.01,0.00,0.00,0.00,0.09,0.03,0.03,0.00,0.00,0.06,1.03,0.06,0.02,0.01,0.05,0.01,0.02,0.01,0.01,0.01,0.17,0.09,0.00,0.01,0.11,0.01,0.02,0.04,0.28,0.52,0.03,0.00,0.07,0.00,0.07,0.32,0.06,0.02,0.39,0.01,0.04,0.11,0.20,0.05,0.05,0.05,0.64,0.01,0.00,0.19,0.07,0.00,0.00,0.73,0.00,0.01,0.05,0.00,0.01,46.31,0.00,0.00,0.00,0.00,0.00,0.00,0.13,0.01,0.12,0.23,0.01,0.03
40,1,2010-07-23,Indoors,108.39,1.85,0.73,2.34,0.74,12.23,4.03,2.77,0.10,1.45,1.75,0.13,0.01,0.80,0.11,14.75,0.20,0.07,0.07,0.00,0.13,0.02,0.07,4.64,1.73,0.18,0.29,2.65,5.98,0.30,0.01,0.00,0.14,0.53,0.39,0.66,0.22,0.05,0.01,0.00,0.01,0.00,0.22,0.27,0.00,0.00,1.06,0.03,0.76,0.13,0.00,0.96,0.46,0.05,0.00,0.03,0.13,0.06,0.07,0.19,0.57,0.22,0.05,0.04,0.05,0.69,0.46,1.11,0.82,0.41,0.00,1.01,0.05,0.00,0.03,0.00,0.89,0.44,0.01,0.87,0.00,0.01,0.00,0.00,0.00,0.53,0.10,0.12,0.00,0.00,0.15,3.59,0.22,0.08,0.01,0.20,0.01,0.12,0.05,0.05,0.01,0.07,0.26,0.04,0.10,1.22,0.05,0.05,0.03,0.62,1.79,0.01,0.00,0.36,0.00,0.06,0.84,0.26,0.04,0.48,0.04,0.10,0.27,0.11,0.13,0.15,0.13,0.41,0.03,0.00,0.54,0.54,0.00,0.00,3.99,0.01,0.03,0.15,0.12,0.01,14.09,0.16,0.03,0.11,0.04,0.00,0.03,0.51,0.01,0.29,0.47,0.00,0.07
40,2,2010-07-28,Low Traffic,23.05,0.51,0.20,1.62,0.21,0.92,1.15,2.53,0.04,1.18,0.39,0.12,0.00,0.23,0.03,0.62,0.04,0.01,0.07,0.00,0.03,0.01,0.01,0.89,1.56,0.05,0.05,0.47,1.02,0.06,0.00,0.00,0.03,0.71,0.07,0.62,0.07,0.01,0.01,0.00,0.00,0.00,0.04,0.06,0.00,0.00,0.25,0.00,0.20,0.04,0.00,0.25,0.10,0.01,0.00,0.01,0.01,0.01,0.01,0.04,0.12,0.04,0.04,0.00,0.01,0.37,0.49,0.05,0.20,0.11,0.00,0.31,0.07,0.00,0.00,0.00,0.16,0.12,0.00,0.28,0.00,0.00,0.00,0.00,0.00,0.07,0.01,0.02,0.00,0.00,0.03,0.83,0.05,0.01,0.00,0.03,0.01,0.01,0.01,0.01,0.00,0.06,0.05,0.00,0.01,0.25,0.01,0.02,0.01,0.12,0.33,0.01,0.00,0.03,0.00,0.03,0.13,0.04,0.01,0.11,0.00,0.03,0.07,0.02,0.04,0.04,0.03,0.09,0.01,0.00,0.13,0.07,0.00,0.01,0.09,0.00,0.01,0.03,0.03,0.01,0.51,0.01,0.01,0.04,0.00,0.00,0.00,0.14,0.01,0.07,0.26,0.01,0.03
40,3,2010-08-03,High Traffic,77.85,3.76,0.00,5.06,1.59,4.19,2.43,2.78,0.27,1.33,1.74,0.13,0.00,1.21,0.32,3.23,0.41,0.02,0.08,0.01,0.27,0.02,0.09,5.67,1.69,0.25,0.43,2.22,0.92,0.61,0.00,0.00,0.27,0.71,0.85,0.68,0.34,0.11,0.03,0.00,0.03,0.00,0.25,0.39,0.00,0.00,1.72,0.07,1.24,0.21,0.00,1.42,0.28,0.10,0.00,0.07,0.13,0.13,0.04,0.06,0.77,0.24,0.05,0.02,0.13,1.73,0.53,0.24,0.91,0.53,0.04,1.03,0.06,0.05,0.02,0.00,0.75,0.88,0.00,0.60,0.00,0.03,0.00,0.00,0.00,0.29,0.11,0.15,0.00,0.00,0.25,5.63,0.25,0.09,0.02,0.23,0.01,0.08,0.04,0.07,0.00,0.07,0.22,0.00,0.06,0.31,0.04,0.03,0.03,0.75,2.30,0.02,0.00,0.17,0.00,0.07,0.87,0.25,0.07,0.15,0.03,0.19,0.61,0.05,0.31,0.28,0.25,0.10,0.03,0.00,1.07,0.37,0.00,0.01,0.25,0.01,0.02,0.21,0.05,0.01,0.85,0.11,0.05,0.18,0.05,0.01,0.03,0.52,0.01,0.30,0.74,0.01,0.05
41,1,2010-06-12,Low Traffic,25.70,0.78,0.37,2.03,0.27,1.26,0.93,2.47,0.04,1.09,0.46,0.12,0.00,0.37,0.03,0.86,0.06,0.01,0.07,0.00,0.04,0.02,0.02,1.18,1.47,0.11,0.07,0.53,1.95,0.08,0.01,0.00,0.04,0.31,0.10,0.68,0.07,0.01,0.01,0.00,0.00,0.00,0.05,0.07,0.00,0.00,0.29,0.01,0.23,0.07,0.00,0.27,0.13,0.01,0.00,0.01,0.02,0.02,0.01,0.05,0.12,0.03,0.03,0.00,0.02,0.30,0.44,0.05,0.15,0.07,0.02,0.17,0.06,0.00,0.01,0.05,0.15,0.13,0.01,0.15,0.00,0.01,0.00,0.00,0.00,0.06,0.01,0.02,0.00,0.00,0.04,0.89,0.03,0.01,0.01,0.03,0.01,0.02,0.01,0.01,0.01,0.32,0.10,0.00,0.01,0.09,0.01,0.02,0.07,0.12,0.31,0.01,0.00,0.03,0.00,0.11,0.13,0.07,0.01,0.09,0.00,0.03,0.07,0.01,0.03,0.03,0.03,0.06,0.03,0.00,0.14,0.09,0.00,0.01,0.07,0.01,0.01,0.03,0.02,0.01,0.51,0.02,0.01,0.05,0.01,0.00,0.00,0.19,0.02,0.09,0.30,0.01,0.03
41,2,2010-07-19,Indoors,199.20,1.48,0.46,2.23,0.68,44.41,4.78,2.66,0.07,1.58,2.42,0.11,0.03,0.87,0.10,48.97,0.13,0.21,0.07,0.00,0.09,0.03,0.06,4.42,1.57,0.16,0.23,3.39,8.78,0.20,0.01,0.00,0.09,0.73,0.24,0.63,0.17,0.03,0.05,0.00,0.00,0.00,0.19,0.25,0.01,0.00,0.95,0.02,0.67,0.14,0.00,0.91,0.74,0.03,0.00,0.00,0.00,0.00,0.07,0.34,0.45,0.19,0.05,0.05,0.03,0.49,0.43,1.27,1.36,0.56,0.00,2.11,0.05,0.04,0.05,0.00,1.33,0.30,0.00,2.42,0.00,0.01,0.00,0.00,0.00,0.85,0.17,0.19,0.00,0.00,0.26,2.89,0.31,0.13,0.01,0.28,0.01,0.18,0.07,0.13,0.00,0.09,0.41,0.07,0.17,0.63,0.07,0.07,0.05,0.74,2.15,0.01,0.00,0.59,0.00,0.00,1.15,0.45,0.05,0.78,0.08,0.10,0.25,0.13,0.11,0.15,0.13,0.69,0.03,0.00,0.54,0.87,0.00,0.00,6.49,0.02,0.04,0.18,0.20,0.01,25.92,0.29,0.03,0.15,0.00,0.00,0.00,0.82,0.01,0.35,0.93,0.00,0.07
41,3,2010-08-10,High Traffic,54.72,2.58,0.00,4.18,0.83,2.57,1.48,2.58,0.16,1.24,1.58,0.11,0.00,0.75,0.15,2.91,0.32,0.01,0.07,0.01,0.21,0.02,0.07,4.97,1.53,0.18,0.31,2.03,0.55,0.45,0.00,0.00,0.20,0.57,0.59,0.59,0.27,0.07,0.03,0.00,0.02,0.00,0.19,0.29,0.00,0.00,1.20,0.04,0.87,0.15,0.00,0.81,0.18,0.06,0.00,0.03,0.07,0.07,0.03,0.05,0.47,0.14,0.04,0.03,0.07,1.09,0.48,0.17,0.53,0.30,0.04,0.64,0.07,0.00,0.00,0.00,0.25,0.52,0.02,0.43,0.00,0.01,0.00,0.00,0.00,0.25,0.07,0.09,0.00,0.00,0.15,3.29,0.18,0.06,0.01,0.15,0.01,0.07,0.03,0.04,0.00,0.05,0.17,0.00,0.05,0.24,0.03,0.03,0.03,0.44,1.27,0.02,0.00,0.08,0.00,0.03,0.51,0.15,0.03,0.08,0.01,0.12,0.34,0.03,0.17,0.15,0.15,0.00,0.01,0.00,0.60,0.20,0.00,0.01,0.15,0.01,0.01,0.13,0.06,0.01,0.41,0.06,0.03,0.09,0.03,0.01,0.01,0.27,0.01,0.15,0.33,0.01,0.02
42,1,2010-08-09,Low Traffic,22.84,0.54,0.23,1.41,0.27,1.26,1.51,2.47,0.06,1.20,0.36,0.11,0.00,0.26,0.05,0.67,0.05,0.01,0.07,0.00,0.03,0.01,0.01,0.79,1.47,0.05,0.05,0.43,0.59,0.07,0.00,0.00,0.03,0.25,0.09,0.59,0.05,0.01,0.01,0.00,0.00,0.00,0.04,0.06,0.00,0.00,0.25,0.01,0.19,0.04,0.00,0.20,0.11,0.01,0.00,0.01,0.01,0.01,0.01,0.05,0.11,0.03,0.04,0.00,0.02,0.34,0.46,0.05,0.17,0.09,0.01,0.20,0.06,0.00,0.00,0.00,0.11,0.15,0.01,0.17,0.00,0.01,0.00,0.00,0.00,0.12,0.02,0.03,0.00,0.00,0.05,0.87,0.05,0.02,0.01,0.05,0.01,0.02,0.01,0.01,0.01,0.03,0.07,0.00,0.01,0.07,0.01,0.02,0.03,0.17,0.42,0.01,0.00,0.03,0.00,0.03,0.17,0.05,0.01,0.09,0.01,0.04,0.10,0.02,0.05,0.05,0.05,0.06,0.01,0.00,0.18,0.06,0.00,0.01,0.21,0.01,0.01,0.04,0.02,0.01,0.81,0.02,0.01,0.03,0.01,0.01,0.02,0.11,0.01,0.07,0.18,0.01,0.02
43,1,2010-08-18,Low Traffic,24.54,0.86,0.00,1.59,0.30,0.57,1.03,2.47,0.06,1.14,0.26,0.11,0.00,0.27,0.05,0.59,0.07,0.01,0.06,0.00,0.05,0.01,0.02,1.15,1.46,0.07,0.13,0.56,0.43,0.19,0.00,0.00,0.09,0.25,0.27,0.60,0.09,0.03,0.01,0.00,0.01,0.00,0.07,0.11,0.01,0.00,0.46,0.02,0.36,0.07,0.00,0.33,0.08,0.04,0.00,0.03,0.06,0.05,0.01,0.03,0.21,0.07,0.04,0.00,0.05,0.32,0.46,0.06,0.28,0.15,0.02,0.31,0.07,0.00,0.00,0.00,0.03,0.31,0.01,0.18,0.00,0.01,0.00,0.00,0.00,0.08,0.04,0.05,0.00,0.00,0.09,1.24,0.10,0.03,0.01,0.09,0.01,0.02,0.01,0.02,0.00,0.07,0.08,0.00,0.01,0.07,0.01,0.02,0.01,0.24,0.71,0.01,0.00,0.02,0.00,0.11,0.27,0.06,0.01,0.05,0.01,0.05,0.15,0.01,0.07,0.07,0.06,0.00,0.01,0.00,0.23,0.06,0.00,0.00,0.08,0.01,0.01,0.05,0.02,0.00,0.35,0.03,0.01,0.05,0.01,0.00,0.02,0.12,0.01,0.05,0.28,0.01,0.01
43,2,2010-08-25,High Traffic,55.17,2.62,0.00,2.30,0.88,6.21,2.58,2.52,0.12,1.14,1.21,0.12,0.00,0.62,0.13,2.24,0.20,0.02,0.06,0.01,0.14,0.01,0.05,3.88,1.52,0.12,0.22,1.59,0.53,0.27,0.00,0.00,0.12,0.66,0.37,0.56,0.21,0.04,0.19,0.00,0.02,0.00,0.16,0.24,0.00,0.07,1.00,0.03,0.77,0.09,0.00,0.91,0.20,0.04,0.00,0.03,0.05,0.05,0.03,0.04,0.42,0.13,0.04,0.01,0.04,0.90,0.43,0.13,0.59,0.30,0.03,0.64,0.09,0.00,0.01,0.00,0.27,0.57,0.03,0.43,0.00,0.01,0.00,0.00,0.00,0.19,0.07,0.08,0.00,0.00,0.16,2.89,0.15,0.05,0.01,0.14,0.01,0.07,0.04,0.04,0.01,0.03,0.18,0.00,0.05,0.20,0.03,0.04,0.03,0.44,1.31,0.04,0.00,0.06,0.00,0.00,0.46,0.41,0.04,0.13,0.03,0.12,0.37,0.04,0.18,0.20,0.16,0.07,0.02,0.00,0.64,0.52,0.00,0.01,0.20,0.01,0.02,0.13,0.04,0.01,1.48,0.06,0.03,0.11,0.03,0.01,0.00,0.50,0.02,0.17,0.35,0.01,0.03
43,3,2010-09-08,Indoors,40.52,1.56,0.54,2.16,0.50,2.42,1.55,2.55,0.08,1.19,0.49,0.12,0.00,0.41,0.09,0.86,0.12,0.01,0.06,0.01,0.07,0.02,0.03,2.01,1.54,0.00,0.22,1.50,1.93,0.23,0.01,0.00,0.10,0.24,0.30,0.62,0.11,0.03,0.01,0.00,0.00,0.00,0.08,0.14,0.00,0.00,0.62,0.02,0.64,0.08,0.00,1.31,0.17,0.04,0.00,0.02,0.05,0.05,0.01,0.05,0.44,0.10,0.03,0.00,0.04,0.55,0.46,0.13,0.33,0.25,0.00,0.37,0.07,0.00,0.00,0.00,0.07,0.37,0.01,0.23,0.00,0.01,0.00,0.00,0.00,0.12,0.05,0.06,0.00,0.00,0.12,1.99,0.11,0.04,0.01,0.10,0.01,0.03,0.01,0.03,0.01,0.03,0.10,0.00,0.02,0.43,0.01,0.03,0.02,0.39,0.95,0.03,0.00,0.08,0.00,0.00,0.47,0.07,0.03,0.09,0.01,0.07,0.21,0.03,0.10,0.10,0.09,0.07,0.01,0.00,0.33,0.09,0.00,0.00,1.14,0.01,0.01,0.07,0.04,0.01,1.43,0.05,0.02,0.07,0.02,0.00,0.00,0.14,0.03,0.14,0.36,0.01,0.04
,,,,Averages,1.81,0.43,2.73,0.69,3.21,3.55,2.61,0.10,1.26,1.42,0.12,0.00,0.66,0.11,3.27,0.21,0.02,0.06,0.00,0.15,0.02,0.06,3.42,1.57,0.14,0.22,1.84,2.41,0.30,0.00,0.00,0.13,0.60,0.40,0.66,0.16,0.05,0.04,0.00,0.01,0.00,0.15,0.20,0.00,0.00,0.85,0.03,0.63,0.11,0.00,0.74,0.22,0.05,0.00,0.03,0.06,0.06,0.03,0.09,0.38,0.13,0.04,0.01,0.05,0.73,0.46,0.36,0.59,0.31,0.02,0.75,0.06,0.00,0.01,0.00,0.50,0.38,0.01,0.60,0.01,0.01,0.00,0.00,0.00,0.27,0.07,0.08,0.00,0.00,0.13,3.84,0.14,0.05,0.01,0.13,0.01,0.06,0.03,0.04,0.00,0.06,0.17,0.01,0.04,0.32,0.02,0.03,0.03,0.54,1.64,0.02,0.01,0.13,0.00,0.04,0.60,0.16,0.03,0.22,0.01,0.10,0.28,0.07,0.14,0.14,0.12,0.23,0.01,0.01,0.49,0.25,0.00,0.01,1.36,0.01,0.01,0.11,0.06,0.01,8.69,0.07,0.02,0.08,0.01,0.00,0.01,0.33,0.01,0.17,0.38,0.00,0.03
