"Potassium (mg/d): Usual intake from food, Canada excluding the Territories, 2015",,,,,,,,,,,,,,,,,,,,,,,,,,,,,,,,,,,,,,,,,,,,,,,,,,,,,,,,,,,,,,,,,,,,,,,,,,,,,,,,,,,,,,,,,,,,,,,,,,,,,,,,,,,,,,,,,,,,,,,,,,,,,,,,,,,,,,,,,,,,,,,,,,,,,,,,,,,,,,,,,,,,,,,,,,,,,,,,,,,,,,,,,,,,,,,,,,,,,,,,,,,
Country,Age or Life Stage Group,Sex,n,Mean,Mean_se,p1,p1_SE,p2,p2_SE,p3,p3_SE,p4,p4_SE,p5,p5_SE,p6,p6_SE,p7,p7_SE,p8,p8_SE,p9,p9_SE,p10,p10_SE,p11,p11_SE,p12,p12_SE,p13,p13_SE,p14,p14_SE,p15,p15_SE,p16,p16_SE,p17,p17_SE,p18,p18_SE,p19,p19_SE,p20,p20_SE,p21,p21_SE,p22,p22_SE,p23,p23_SE,p24,p24_SE,p25,p25_SE,p26,p26_SE,p27,p27_SE,p28,p28_SE,p29,p29_SE,p30,p30_SE,p31,p31_SE,p32,p32_SE,p33,p33_SE,p34,p34_SE,p35,p35_SE,p36,p36_SE,p37,p37_SE,p38,p38_SE,p39,p39_SE,p40,p40_SE,p41,p41_SE,p42,p42_SE,p43,p43_SE,p44,p44_SE,p45,p45_SE,p46,p46_SE,p47,p47_SE,p48,p48_SE,p49,p49_SE,p50,p50_SE,p51,p51_SE,p52,p52_SE,p53,p53_SE,p54,p54_SE,p55,p55_SE,p56,p56_SE,p57,p57_SE,p58,p58_SE,p59,p59_SE,p60,p60_SE,p61,p61_SE,p62,p62_SE,p63,p63_SE,p64,p64_SE,p65,p65_SE,p66,p66_SE,p67,p67_SE,p68,p68_SE,p69,p69_SE,p70,p70_SE,p71,p71_SE,p72,p72_SE,p73,p73_SE,p74,p74_SE,p75,p75_SE,p76,p76_SE,p77,p77_SE,p78,p78_SE,p79,p79_SE,p80,p80_SE,p81,p81_SE,p82,p82_SE,p83,p83_SE,p84,p84_SE,p85,p85_SE,p86,p86_SE,p87,p87_SE,p88,p88_SE,p89,p89_SE,p90,p90_SE,p91,p91_SE,p92,p92_SE,p93,p93_SE,p94,p94_SE,p95,p95_SE,p96,p96_SE,p97,p97_SE,p98,p98_SE,p99,p99_SE
Canada,1 to 3 years,Males,665,2086,44,928,62,1038,60,1104,58,1163,57,1213,56,1251,55,1281,55,1315,54,1348,53,1373,53,1396,53,1423,52,1442,52,1464,51,1488,51,1510,50,1529,50,1548,50,1568,49,1590,49,1607,49,1627,49,1645,48,1663,48,1676,48,1693,48,1706,47,1722,47,1736,47,1752,47,1769,47,1786,47,1801,46,1816,46,1830,46,1845,46,1859,46,1874,46,1891,46,1904,45,1917,45,1932,45,1947,45,1960,45,1975,45,1986,45,2000,45,2017,45,2029,45,2042,45,2056,45,2070,45,2083,45,2095,45,2112,45,2129,45,2143,45,2161,45,2177,45,2191,45,2205,45,2221,45,2240,46,2255,46,2271,46,2288,46,2305,47,2322,47,2338,47,2356,47,2375,48,2391,48,2408,49,2428,49,2450,49,2472,50,2492,50,2517,51,2541,52,2567,53,2589,54,2608,54,2634,55,2660,56,2687,57,2718,59,2751,60,2786,62,2819,63,2862,66,2900,67,2942,69,2991,71,3053,75,3118,79,3185,82,3287,89,3413,97,3582,115
Canada,4 to 8 years,Males,590,2397,47,1238,63,1345,61,1418,60,1480,57,1525,57,1563,56,1600,56,1634,55,1667,54,1693,54,1718,53,1740,53,1765,53,1786,52,1809,52,1826,52,1846,52,1866,51,1885,51,1901,51,1919,51,1937,50,1953,50,1971,50,1989,50,2003,50,2021,49,2037,49,2054,49,2069,49,2085,49,2098,49,2113,49,2127,49,2141,48,2155,49,2169,48,2183,48,2197,48,2212,48,2226,48,2240,48,2255,48,2269,48,2284,48,2297,48,2310,48,2324,48,2337,48,2349,49,2367,48,2382,48,2398,48,2413,48,2428,49,2440,49,2456,49,2471,49,2487,49,2503,50,2518,50,2533,50,2550,50,2567,51,2583,51,2599,51,2617,52,2636,53,2652,53,2670,53,2689,54,2707,54,2725,54,2744,55,2764,56,2783,57,2806,58,2827,58,2849,59,2871,60,2893,61,2915,62,2940,63,2966,64,2992,65,3021,67,3052,69,3086,71,3122,73,3157,74,3192,77,3236,80,3286,83,3346,88,3405,92,3478,99,3581,106,3706,117,3939,140
Canada,9 to 13 years,Males,1023,2584,42,1252,88,1371,83,1455,79,1523,76,1570,74,1618,72,1657,71,1692,70,1725,68,1757,67,1785,66,1813,64,1837,64,1861,62,1887,61,1910,60,1933,60,1954,59,1977,58,1997,57,2016,56,2036,55,2055,55,2075,54,2094,53,2114,53,2132,52,2150,51,2166,51,2185,50,2200,50,2218,49,2235,49,2254,48,2271,48,2287,47,2304,47,2321,46,2337,46,2354,46,2371,45,2386,45,2403,45,2418,45,2435,44,2452,44,2466,44,2482,44,2499,44,2516,44,2532,44,2550,44,2568,44,2585,44,2602,44,2620,44,2637,45,2655,45,2673,45,2692,45,2712,45,2731,45,2750,46,2770,46,2791,47,2811,47,2830,48,2851,49,2872,49,2893,50,2915,51,2938,52,2961,53,2984,54,3007,55,3031,57,3054,58,3079,60,3106,61,3134,62,3163,64,3194,66,3223,68,3256,70,3291,72,3327,75,3366,77,3409,80,3453,83,3499,87,3550,91,3610,95,3676,101,3747,107,3817,113,3914,121,4036,132,4197,147,4485,173
Canada,14 to 18 years,Males,900,3095,78,1261,98,1421,95,1525,94,1604,93,1673,92,1730,91,1780,90,1831,90,1876,89,1920,88,1961,88,1996,87,2031,86,2063,86,2097,85,2132,85,2163,85,2194,84,2224,84,2253,84,2281,84,2307,83,2334,83,2362,82,2390,83,2418,83,2444,83,2469,83,2495,83,2520,83,2543,82,2567,82,2590,82,2615,81,2640,82,2664,81,2688,82,2710,81,2733,80,2757,80,2780,80,2802,79,2822,78,2846,78,2867,78,2890,77,2915,77,2936,77,2960,77,2984,77,3005,77,3029,77,3054,77,3078,77,3101,77,3125,77,3149,77,3175,78,3199,78,3226,79,3252,80,3279,81,3308,82,3340,83,3367,84,3396,85,3425,86,3456,87,3482,88,3515,89,3545,90,3576,92,3609,93,3646,95,3680,97,3718,99,3759,101,3795,103,3834,105,3875,107,3917,110,3965,113,4009,116,4057,119,4107,123,4159,126,4214,130,4273,135,4341,140,4408,146,4480,153,4572,160,4666,168,4776,177,4919,190,5047,204,5233,223,5470,253,5871,302
Canada,19 to 30 years,Males,857,3040,88,1478,152,1606,146,1701,141,1774,137,1843,134,1895,131,1942,128,1985,126,2022,124,2060,121,2088,119,2121,117,2155,116,2186,114,2214,112,2240,111,2268,109,2295,108,2321,106,2346,105,2368,104,2392,103,2417,102,2440,101,2462,100,2484,99,2508,98,2530,97,2551,96,2572,95,2591,94,2610,93,2631,92,2652,92,2673,91,2695,91,2715,90,2734,90,2753,89,2772,88,2791,88,2811,88,2832,88,2854,88,2872,87,2893,87,2912,87,2932,87,2952,87,2973,87,2996,88,3017,88,3036,88,3057,89,3078,89,3101,90,3120,91,3139,91,3160,92,3183,93,3202,94,3222,95,3242,96,3262,97,3283,99,3307,100,3329,102,3352,103,3379,105,3403,107,3430,108,3457,110,3484,112,3515,114,3540,117,3566,119,3593,122,3621,126,3654,128,3682,132,3716,136,3749,140,3786,144,3819,149,3865,152,3909,157,3950,163,3999,169,4055,174,4104,182,4171,188,4238,196,4315,206,4397,217,4491,230,4593,249,4745,269,4955,297,5233,351
Canada,31 to 50 years,Males,2005,3031,47,F,,F,,F,,F,,1625,508E,1687,485E,1738,466E,1789,447E,1834,431E,1881,413E,1918,399E,1958,384E,1995,370E,2030,358E,2062,346E,2092,335,2122,323,2152,312,2181,301,2212,290,2240,280,2266,270,2293,260,2317,252,2344,242,2371,232,2395,223,2421,214,2447,205,2472,196,2497,187,2520,179,2544,171,2567,163,2591,155,2615,147,2642,138,2667,130,2688,124,2714,116,2739,108,2761,102,2785,95,2808,89,2830,83,2851,78,2874,73,2898,68,2921,63,2945,59,2969,55,2993,52,3016,51,3042,50,3064,50,3089,52,3115,55,3140,59,3165,64,3189,69,3212,75,3238,81,3264,88,3290,95,3319,104,3345,112,3374,121,3401,130,3430,139,3460,149,3490,160,3522,170,3553,181,3586,193,3618,204,3653,217,3685,228,3723,242,3760,255,3801,270,3837,284,3878,299,3919,314,3964,331,4011,349,4063,369,4111,387,4169,410,4229,433,4292,458,4360,484,4444,517,4538,555,4632,592,4748,638,4879,691,5042,755,5280,851,5659,1004E
Canada,51 to 70 years,Males,2151,3013,52,1259,81,1407,79,1511,77,1591,75,1662,73,1723,72,1775,71,1823,70,1868,69,1906,68,1941,67,1977,66,2012,65,2047,64,2080,63,2110,62,2140,61,2169,61,2197,60,2224,59,2251,59,2278,58,2303,57,2328,57,2353,57,2379,56,2403,55,2428,55,2452,55,2477,54,2502,54,2524,53,2548,53,2571,53,2593,52,2616,52,2639,52,2660,52,2683,52,2706,51,2729,51,2752,51,2772,51,2793,51,2818,51,2839,51,2861,51,2884,51,2905,51,2927,51,2950,52,2974,52,2997,52,3019,52,3042,53,3066,53,3090,54,3112,54,3138,54,3162,55,3186,56,3212,56,3239,57,3263,58,3287,59,3315,59,3341,60,3368,61,3395,62,3425,63,3454,64,3485,65,3515,66,3544,67,3576,69,3608,70,3641,72,3677,73,3712,75,3748,77,3788,78,3829,80,3867,83,3910,85,3953,88,3997,91,4049,94,4104,97,4166,99,4232,103,4298,107,4376,111,4462,116,4558,122,4662,129,4792,138,4944,149,5170,163,5526,188
Canada,71 years and over,Males,1180,2686,44,1164,83,1304,77,1390,74,1463,72,1518,70,1569,68,1616,66,1659,65,1696,64,1731,63,1766,62,1798,61,1827,60,1855,59,1885,58,1910,57,1937,56,1960,56,1986,55,2010,54,2036,54,2060,53,2083,53,2105,52,2125,51,2147,51,2167,50,2187,50,2208,50,2229,49,2250,49,2269,48,2291,49,2310,48,2330,48,2350,48,2371,48,2390,48,2408,47,2427,47,2446,47,2466,47,2484,47,2502,46,2521,46,2538,46,2559,46,2576,45,2595,45,2615,46,2634,46,2652,45,2673,46,2694,46,2712,46,2732,46,2753,46,2771,46,2792,47,2811,47,2833,47,2854,47,2876,48,2899,49,2922,49,2946,50,2971,51,2994,52,3018,52,3040,53,3065,54,3089,54,3115,55,3142,56,3169,57,3198,58,3227,60,3259,61,3288,62,3318,63,3350,64,3388,67,3422,68,3460,70,3498,72,3538,74,3582,76,3629,79,3675,81,3728,84,3785,88,3844,91,3914,95,3993,101,4098,108,4212,117,4350,126,4533,139,4834,162
Canada,1 to 3 years,Females,623,1972,51,830,68,930,69,1008,63,1068,60,1116,58,1156,57,1190,57,1224,56,1253,55,1279,55,1303,55,1325,55,1346,55,1372,54,1394,53,1417,53,1440,52,1458,52,1475,52,1492,52,1507,52,1521,52,1540,52,1557,51,1575,51,1591,51,1609,51,1622,51,1635,51,1651,51,1665,51,1680,51,1696,51,1712,50,1728,50,1743,50,1756,50,1769,50,1784,50,1797,50,1812,50,1826,50,1840,50,1855,50,1871,50,1885,51,1897,51,1910,51,1921,51,1934,51,1946,51,1960,51,1973,52,1986,52,2003,52,2015,52,2031,52,2047,52,2061,52,2077,53,2094,53,2109,53,2124,53,2138,54,2155,54,2170,54,2183,55,2202,55,2219,55,2237,55,2254,56,2272,56,2288,57,2306,58,2324,58,2344,59,2366,59,2387,60,2409,60,2427,62,2452,62,2475,63,2500,64,2527,64,2550,66,2577,67,2608,68,2633,71,2666,72,2702,74,2744,76,2790,77,2838,79,2888,83,2960,85,3032,90,3138,94,3276,102,3460,116
Canada,4 to 8 years,Females,609,2171,46,1101,57,1191,58,1259,56,1314,53,1365,50,1398,50,1434,48,1465,48,1491,48,1519,47,1543,47,1564,47,1586,46,1607,46,1626,46,1645,46,1664,45,1680,46,1697,46,1711,47,1725,47,1741,47,1756,47,1771,47,1787,47,1801,47,1815,48,1830,47,1844,47,1857,48,1873,47,1887,47,1900,47,1914,47,1927,47,1943,46,1956,46,1970,46,1985,45,1998,45,2011,45,2024,45,2038,45,2051,45,2067,44,2081,44,2095,44,2108,44,2122,44,2134,45,2148,45,2162,45,2174,45,2186,46,2202,46,2215,46,2228,47,2242,47,2256,47,2269,48,2283,48,2298,48,2311,49,2326,50,2342,50,2358,50,2375,50,2394,49,2411,50,2426,51,2441,52,2459,52,2476,53,2493,53,2509,54,2531,54,2554,54,2570,56,2588,57,2609,58,2630,60,2652,61,2678,61,2703,62,2728,64,2755,65,2785,67,2816,68,2851,69,2886,71,2925,73,2968,75,3007,80,3056,85,3111,91,3184,95,3283,101,3395,113,3579,134
Canada,9 to 13 years,Females,939,2314,43,1152,80,1253,76,1321,73,1373,70,1419,69,1461,67,1499,66,1529,65,1557,64,1584,63,1608,62,1632,61,1655,60,1677,59,1698,58,1718,57,1737,57,1756,56,1777,55,1795,54,1812,54,1829,53,1847,53,1865,52,1883,51,1899,51,1916,50,1932,50,1949,49,1966,49,1981,48,1997,48,2013,47,2028,47,2043,47,2057,46,2073,46,2087,46,2102,45,2117,45,2132,45,2146,45,2159,45,2175,44,2189,44,2203,44,2218,44,2234,44,2249,44,2263,44,2277,44,2292,44,2307,44,2321,44,2336,45,2351,45,2368,45,2385,45,2402,45,2419,45,2435,45,2451,45,2467,46,2484,46,2500,47,2516,48,2532,48,2549,49,2567,50,2585,51,2603,52,2623,52,2642,53,2663,54,2683,55,2705,56,2726,57,2750,58,2773,59,2799,60,2825,61,2850,63,2876,65,2904,67,2933,69,2966,70,2998,73,3033,75,3066,79,3109,81,3154,84,3204,87,3262,90,3324,95,3396,100,3482,107,3579,117,3726,128,3958,150
Canada,14 to 18 years,Females,986,2313,47,950,63,1069,60,1153,59,1217,58,1267,56,1312,55,1353,54,1390,54,1426,53,1458,53,1487,52,1513,51,1540,51,1565,50,1592,50,1617,50,1641,50,1666,50,1688,49,1711,49,1733,50,1755,50,1777,50,1795,49,1813,49,1832,48,1852,49,1870,48,1889,48,1908,48,1927,48,1945,48,1962,48,1979,48,1996,48,2014,48,2032,48,2050,48,2066,48,2082,48,2100,48,2118,48,2136,48,2152,48,2170,48,2187,49,2203,48,2222,49,2238,49,2255,49,2272,49,2288,48,2303,48,2321,48,2338,48,2356,48,2374,49,2392,49,2409,49,2426,49,2444,49,2462,50,2484,51,2503,51,2524,51,2544,52,2566,53,2586,53,2607,53,2629,54,2651,55,2674,56,2698,57,2720,57,2747,58,2771,59,2799,60,2825,61,2853,63,2880,63,2910,65,2944,67,2978,69,3009,69,3042,70,3078,72,3117,74,3156,76,3200,78,3248,80,3306,85,3359,87,3418,90,3485,93,3572,99,3662,104,3783,111,3957,123,4205,139
Canada,19 to 30 years,Females,872,2354,77,1057,246E,1178,222E,1257,207E,1315,195,1361,187,1404,179,1440,172,1473,166,1507,160,1535,155,1562,150,1589,146,1614,141,1637,138,1659,135,1680,132,1701,129,1725,125,1747,122,1769,118,1788,116,1807,113,1824,112,1841,110,1862,107,1881,104,1898,102,1920,98,1938,96,1956,94,1975,91,1993,89,2010,87,2026,86,2045,84,2062,82,2078,81,2096,79,2112,78,2129,77,2146,75,2163,75,2178,74,2196,73,2214,73,2231,72,2247,72,2264,72,2280,72,2296,73,2314,73,2330,74,2346,75,2361,76,2377,78,2394,79,2412,81,2430,82,2447,84,2466,86,2483,88,2502,91,2521,93,2544,96,2561,98,2579,101,2599,104,2615,107,2637,110,2657,113,2677,115,2700,118,2722,120,2748,122,2771,125,2792,125,2819,126,2848,128,2873,131,2902,134,2925,137,2952,141,2981,146,3011,151,3042,156,3075,163,3114,170,3153,177,3204,187,3255,198,3303,209,3354,220,3416,234,3486,250,3570,270,3661,292,3787,323,3934,359,4158,414
Canada,31 to 50 years,Females,2207,2435,41,1442,277E,1533,258E,1593,244,1646,231,1690,220,1724,211,1758,203,1784,195,1809,189,1832,182,1856,176,1877,170,1896,165,1915,159,1934,154,1952,150,1968,145,1985,140,2002,136,2017,131,2033,127,2049,123,2063,119,2079,115,2094,111,2108,108,2120,104,2134,101,2147,97,2160,94,2173,90,2186,87,2199,84,2211,81,2224,78,2236,75,2249,72,2262,69,2273,67,2285,64,2297,61,2310,59,2321,57,2333,55,2344,53,2356,51,2368,49,2380,47,2392,46,2404,44,2416,43,2428,42,2441,42,2454,41,2466,41,2479,41,2490,41,2504,42,2515,43,2529,44,2542,45,2554,46,2568,48,2582,50,2595,52,2609,54,2622,56,2637,58,2652,61,2667,64,2681,67,2697,70,2713,73,2728,77,2744,80,2762,84,2779,88,2798,92,2817,97,2836,102,2854,107,2874,112,2895,118,2917,124,2939,130,2964,137,2990,145,3017,153,3043,161,3075,171,3111,182,3148,193,3190,206,3235,221,3292,239,3348,260,3425,286,3527,323,3709,385
Canada,51 to 70 years,Females,2314,2472,34,1128,72,1248,69,1324,68,1389,66,1445,64,1491,63,1531,62,1568,60,1602,59,1633,58,1663,57,1690,57,1718,56,1744,55,1769,54,1792,54,1813,53,1836,52,1859,51,1878,51,1899,50,1921,49,1940,49,1961,48,1981,47,2001,46,2019,46,2037,45,2055,45,2072,44,2090,44,2108,43,2126,42,2144,42,2162,41,2180,40,2198,40,2216,39,2233,39,2250,38,2267,38,2284,37,2300,37,2316,37,2333,37,2349,37,2366,36,2383,36,2400,36,2418,35,2434,35,2452,35,2470,35,2488,35,2506,34,2522,35,2541,34,2560,34,2578,34,2597,34,2616,34,2635,34,2653,35,2672,35,2691,35,2711,35,2729,36,2750,36,2771,37,2792,37,2812,38,2833,39,2855,39,2876,40,2900,41,2925,42,2949,42,2974,44,3001,44,3029,46,3056,47,3084,48,3114,49,3145,51,3179,52,3214,54,3252,56,3289,58,3332,60,3380,63,3426,66,3482,69,3539,72,3608,77,3687,82,3780,88,3901,96,4057,107,4315,126
Canada,71 years and over,Females,1448,2236,41,948,53,1055,52,1128,51,1188,50,1242,49,1287,49,1324,48,1359,47,1391,47,1422,47,1449,46,1477,46,1504,46,1528,45,1551,45,1575,45,1597,44,1618,44,1639,44,1659,43,1678,43,1697,43,1716,43,1735,43,1753,43,1771,42,1789,42,1806,42,1825,42,1843,42,1859,42,1877,41,1894,41,1911,41,1928,41,1945,41,1962,41,1977,41,1992,41,2010,41,2026,41,2043,41,2059,41,2075,41,2092,41,2109,41,2126,40,2144,40,2161,40,2179,41,2196,41,2214,41,2231,41,2248,41,2264,41,2282,41,2299,41,2317,41,2335,42,2353,42,2371,42,2389,42,2407,43,2425,43,2445,43,2464,44,2482,44,2503,44,2524,45,2545,45,2565,46,2587,46,2608,47,2631,47,2652,48,2677,49,2699,50,2725,50,2750,51,2777,52,2805,53,2836,54,2866,55,2898,56,2930,58,2964,59,3002,60,3042,62,3083,63,3127,65,3181,67,3232,69,3291,72,3360,76,3429,81,3524,85,3640,91,3799,99,4036,120
Canada,Pregnant,Females,114,2921,129,1706,385E,1840,356E,1889,333E,1974,322,2013,307,2062,297,2102,288,2125,278,2152,269,2189,263,2215,257,2242,250,2267,244,2285,238,2308,232,2336,227,2356,223,2378,218,2392,213,2417,209,2433,204,2452,200,2469,196,2486,192,2506,189,2525,186,2541,182,2559,179,2574,176,2587,173,2600,169,2618,167,2634,164,2651,161,2671,159,2691,157,2706,154,2720,152,2737,150,2750,148,2760,146,2776,144,2785,142,2799,141,2810,139,2824,137,2839,136,2851,135,2867,134,2876,134,2891,133,2904,133,2923,132,2935,132,2952,132,2969,133,2987,133,3002,134,3015,135,3037,135,3056,136,3070,138,3087,139,3102,141,3115,143,3136,145,3156,147,3171,150,3187,153,3201,156,3217,160,3239,163,3255,167,3275,171,3294,175,3316,179,3334,184,3355,189,3376,195,3393,201,3417,207,3436,214,3454,222,3474,231,3505,237,3532,245,3567,253,3611,260,3652,269,3685,281,3729,293,3787,305,3850,320,3908,338,3987,358,4073,384,4178,416,4273,459,4435,541
Canada,Lactating,Females,187,2833,105,1630,361E,1747,332E,1817,314E,1873,299,1918,286,1958,275,1995,265,2026,257,2057,248,2097,242,2126,235,2153,229,2178,223,2200,217,2228,212,2251,207,2272,202,2293,197,2312,193,2328,188,2347,184,2371,180,2391,176,2410,172,2428,169,2442,165,2460,161,2478,158,2495,155,2511,151,2528,148,2544,145,2559,142,2576,140,2597,138,2608,135,2623,132,2638,130,2652,127,2667,125,2680,123,2694,121,2710,119,2726,118,2740,116,2753,114,2769,113,2783,112,2801,112,2814,111,2829,110,2842,110,2856,109,2871,109,2886,109,2901,110,2916,110,2929,111,2941,112,2956,113,2972,115,2985,116,3002,118,3018,120,3034,123,3051,125,3068,128,3084,131,3100,134,3121,138,3138,141,3157,145,3173,149,3191,153,3211,158,3229,162,3250,168,3272,173,3288,179,3306,185,3330,192,3355,198,3379,205,3405,213,3434,220,3464,229,3492,238,3518,248,3548,259,3588,270,3629,282,3676,295,3712,313,3760,331,3827,352,3898,377,3998,406,4117,449,4326,518
Canada,Pregnant or Lactating,Females,301,2870,96,1658,392E,1786,360E,1852,342E,1899,326E,1954,314,1999,302,2033,292,2070,283,2108,274,2133,265,2161,257,2188,250,2214,243,2241,236,2263,230,2285,224,2305,217,2325,212,2343,207,2367,202,2386,197,2407,192,2424,187,2439,182,2457,177,2476,173,2494,169,2510,164,2529,160,2544,157,2561,153,2577,149,2592,145,2606,141,2622,137,2637,134,2653,131,2669,128,2685,125,2700,122,2717,120,2731,118,2745,115,2757,113,2773,111,2785,109,2800,108,2814,106,2828,105,2841,104,2856,105,2869,104,2883,103,2896,102,2914,102,2928,102,2941,102,2956,102,2972,102,2987,102,3002,103,3019,104,3037,106,3054,108,3070,109,3086,112,3102,114,3120,117,3140,120,3159,124,3172,127,3191,131,3208,135,3227,139,3247,144,3266,149,3284,154,3303,159,3325,164,3348,170,3369,177,3391,184,3417,191,3441,199,3465,207,3491,217,3518,227,3551,238,3589,250,3632,263,3674,278,3710,293,3760,310,3825,330,3891,356,3977,386,4075,422,4200,469,4392,551
Canada,19 years and over,Both sexes,13034,2697,20,1140,36,1278,35,1370,34,1442,33,1502,33,1553,32,1598,31,1640,31,1679,30,1714,30,1749,29,1781,29,1812,29,1842,28,1869,28,1896,27,1923,27,1949,27,1975,26,1999,26,2022,26,2046,26,2069,25,2091,25,2113,25,2136,24,2157,24,2178,24,2200,24,2221,24,2242,23,2262,23,2284,23,2304,23,2324,22,2345,22,2364,22,2385,22,2405,22,2425,22,2445,21,2464,21,2484,21,2504,21,2523,21,2543,21,2562,21,2582,21,2602,21,2621,21,2642,21,2663,21,2683,21,2703,21,2724,21,2745,21,2766,21,2787,21,2808,21,2830,21,2852,22,2874,22,2896,22,2919,22,2942,22,2966,23,2990,23,3015,23,3041,23,3066,23,3091,24,3117,24,3143,25,3170,26,3197,26,3227,27,3257,27,3288,28,3319,28,3353,29,3386,30,3421,31,3458,31,3498,32,3539,33,3582,34,3626,35,3673,36,3723,38,3778,39,3837,41,3905,42,3976,45,4060,47,4152,51,4263,55,4401,61,4598,66,4907,78
Canada,19 years and over,Males,6193,2985,30,1267,49,1422,49,1524,48,1600,46,1665,45,1722,44,1775,44,1820,43,1864,42,1904,42,1941,41,1977,40,2010,40,2042,39,2074,39,2105,38,2136,38,2165,38,2192,37,2219,37,2245,36,2271,36,2295,35,2321,35,2345,35,2370,34,2394,34,2418,34,2441,33,2465,33,2488,33,2512,33,2534,32,2556,32,2579,32,2599,32,2621,31,2643,31,2666,31,2688,31,2709,31,2732,31,2753,30,2775,30,2797,30,2818,30,2842,30,2863,30,2885,30,2906,30,2928,30,2951,30,2973,30,2994,30,3017,30,3040,30,3063,30,3087,30,3110,30,3133,31,3157,31,3181,31,3206,31,3231,32,3256,32,3283,32,3308,33,3335,33,3362,34,3389,34,3416,35,3444,36,3473,37,3503,38,3534,38,3567,39,3599,40,3633,40,3668,41,3705,42,3742,43,3779,45,3819,46,3861,47,3904,49,3952,50,4001,51,4054,53,4109,55,4171,57,4236,59,4307,62,4385,65,4472,70,4575,75,4694,83,4851,88,5067,96,5429,105
Canada,19 years and over,Females,6841,2411,25,1149,73,1266,68,1341,65,1402,63,1453,60,1495,59,1534,57,1569,55,1602,54,1632,52,1658,51,1687,50,1711,49,1735,48,1758,47,1780,46,1801,45,1822,44,1842,43,1863,42,1883,41,1902,40,1921,39,1939,39,1957,38,1975,37,1992,37,2009,36,2026,35,2043,34,2059,34,2075,33,2092,33,2108,32,2124,32,2140,31,2156,31,2172,30,2188,29,2203,29,2220,29,2235,28,2252,28,2268,27,2283,27,2299,27,2315,26,2331,26,2346,26,2362,26,2379,25,2394,25,2410,25,2426,25,2442,25,2458,25,2475,25,2492,25,2508,25,2526,25,2542,26,2560,26,2578,26,2596,27,2613,27,2632,27,2650,28,2668,28,2688,29,2708,30,2728,30,2748,31,2769,32,2791,32,2813,33,2835,34,2858,35,2882,36,2906,37,2932,39,2958,40,2984,41,3013,43,3044,44,3076,46,3108,48,3141,50,3179,52,3218,54,3259,57,3304,59,3353,62,3408,66,3469,70,3540,74,3627,80,3731,87,3869,97,4102,114
,,,,,,,,,,,,,,,,,,,,,,,,,,,,,,,,,,,,,,,,,,,,,,,,,,,,,,,,,,,,,,,,,,,,,,,,,,,,,,,,,,,,,,,,,,,,,,,,,,,,,,,,,,,,,,,,,,,,,,,,,,,,,,,,,,,,,,,,,,,,,,,,,,,,,,,,,,,,,,,,,,,,,,,,,,,,,,,,,,,,,,,,,,,,,,,,,,,,,,,,,,,
"Data source: Statistics Canada, Canadian Community Health Survey (CCHS) - Nutrition 2015 Share File",,,,,,,,,,,,,,,,,,,,,,,,,,,,,,,,,,,,,,,,,,,,,,,,,,,,,,,,,,,,,,,,,,,,,,,,,,,,,,,,,,,,,,,,,,,,,,,,,,,,,,,,,,,,,,,,,,,,,,,,,,,,,,,,,,,,,,,,,,,,,,,,,,,,,,,,,,,,,,,,,,,,,,,,,,,,,,,,,,,,,,,,,,,,,,,,,,,,,,,,,,,
,,,,,,,,,,,,,,,,,,,,,,,,,,,,,,,,,,,,,,,,,,,,,,,,,,,,,,,,,,,,,,,,,,,,,,,,,,,,,,,,,,,,,,,,,,,,,,,,,,,,,,,,,,,,,,,,,,,,,,,,,,,,,,,,,,,,,,,,,,,,,,,,,,,,,,,,,,,,,,,,,,,,,,,,,,,,,,,,,,,,,,,,,,,,,,,,,,,,,,,,,,,
Symbol Legend,,,,,,,,,,,,,,,,,,,,,,,,,,,,,,,,,,,,,,,,,,,,,,,,,,,,,,,,,,,,,,,,,,,,,,,,,,,,,,,,,,,,,,,,,,,,,,,,,,,,,,,,,,,,,,,,,,,,,,,,,,,,,,,,,,,,,,,,,,,,,,,,,,,,,,,,,,,,,,,,,,,,,,,,,,,,,,,,,,,,,,,,,,,,,,,,,,,,,,,,,,,
E     Data with a coefficient of variation (CV) from 16.6% to 33.3%; interpret with caution.,,,,,,,,,,,,,,,,,,,,,,,,,,,,,,,,,,,,,,,,,,,,,,,,,,,,,,,,,,,,,,,,,,,,,,,,,,,,,,,,,,,,,,,,,,,,,,,,,,,,,,,,,,,,,,,,,,,,,,,,,,,,,,,,,,,,,,,,,,,,,,,,,,,,,,,,,,,,,,,,,,,,,,,,,,,,,,,,,,,,,,,,,,,,,,,,,,,,,,,,,,,
<3  Data with a coefficient of variation (CV) greater than 33.3% with a 95% confidence interval entirely between 0 and 3%; interpret with caution.,,,,,,,,,,,,,,,,,,,,,,,,,,,,,,,,,,,,,,,,,,,,,,,,,,,,,,,,,,,,,,,,,,,,,,,,,,,,,,,,,,,,,,,,,,,,,,,,,,,,,,,,,,,,,,,,,,,,,,,,,,,,,,,,,,,,,,,,,,,,,,,,,,,,,,,,,,,,,,,,,,,,,,,,,,,,,,,,,,,,,,,,,,,,,,,,,,,,,,,,,,,
F    Data with a coefficient of variation (CV) greater than 33.3% with a 95% confidence interval not entirely between 0 and 3%; suppressed due to extreme sampling variability.,,,,,,,,,,,,,,,,,,,,,,,,,,,,,,,,,,,,,,,,,,,,,,,,,,,,,,,,,,,,,,,,,,,,,,,,,,,,,,,,,,,,,,,,,,,,,,,,,,,,,,,,,,,,,,,,,,,,,,,,,,,,,,,,,,,,,,,,,,,,,,,,,,,,,,,,,,,,,,,,,,,,,,,,,,,,,,,,,,,,,,,,,,,,,,,,,,,,,,,,,,,
,,,,,,,,,,,,,,,,,,,,,,,,,,,,,,,,,,,,,,,,,,,,,,,,,,,,,,,,,,,,,,,,,,,,,,,,,,,,,,,,,,,,,,,,,,,,,,,,,,,,,,,,,,,,,,,,,,,,,,,,,,,,,,,,,,,,,,,,,,,,,,,,,,,,,,,,,,,,,,,,,,,,,,,,,,,,,,,,,,,,,,,,,,,,,,,,,,,,,,,,,,,
Note:,,,,,,,,,,,,,,,,,,,,,,,,,,,,,,,,,,,,,,,,,,,,,,,,,,,,,,,,,,,,,,,,,,,,,,,,,,,,,,,,,,,,,,,,,,,,,,,,,,,,,,,,,,,,,,,,,,,,,,,,,,,,,,,,,,,,,,,,,,,,,,,,,,,,,,,,,,,,,,,,,,,,,,,,,,,,,,,,,,,,,,,,,,,,,,,,,,,,,,,,,,,
See additional details in the “Table Footnotes” section of the User Guide.,,,,,,,,,,,,,,,,,,,,,,,,,,,,,,,,,,,,,,,,,,,,,,,,,,,,,,,,,,,,,,,,,,,,,,,,,,,,,,,,,,,,,,,,,,,,,,,,,,,,,,,,,,,,,,,,,,,,,,,,,,,,,,,,,,,,,,,,,,,,,,,,,,,,,,,,,,,,,,,,,,,,,,,,,,,,,,,,,,,,,,,,,,,,,,,,,,,,,,,,,,,
